1724732921646170112,0.49480,-1.84974,-0.04817,0.77575,0.60373,0.03998,0.17923,0.71550,-0.76644,0.06880,
1724732921846170368,0.69103,-2.19723,-0.03966,0.77737,0.59675,0.06727,0.18725,0.82365,-0.73674,-0.01682,
1724732922046170880,0.89961,-2.44987,-0.07091,0.78480,0.58959,0.06991,0.17771,0.85894,-0.62791,-0.02610,
1724732922246211328,1.08996,-2.61610,-0.09041,0.77325,0.60529,0.05969,0.17928,0.93638,-0.41739,-0.03632,
1724732922446211328,1.32018,-2.67626,-0.11439,0.75450,0.59080,0.10204,0.26697,1.27703,-0.12195,-0.06924,
1724732922646166016,1.61032,-2.67117,-0.09856,0.69355,0.55117,0.23618,0.39926,1.21353,0.53787,0.13041,
1724732922846166272,1.83854,-2.50631,-0.07929,0.60521,0.47893,0.36279,0.52224,0.97605,0.97203,0.05813,
1724732923046166784,2.00494,-2.27982,-0.07251,0.54736,0.41761,0.41803,0.59266,0.73531,1.10378,0.07537,
1724732923246145024,2.13369,-2.04847,-0.05779,0.49597,0.40749,0.45917,0.61410,0.62384,1.06994,0.07342,
1724732923446145536,2.24096,-1.79247,-0.05432,0.46163,0.34533,0.48957,0.65419,0.68996,1.16971,0.06595,
1724732923646183424,2.41164,-1.56340,-0.02834,0.40954,0.29140,0.49504,0.70873,0.61556,1.39205,0.28881,
1724732923846183680,2.51691,-1.26732,0.00994,0.32801,0.25663,0.51350,0.75024,0.46008,1.41663,0.20523,
1724732924046184192,2.71402,-1.03652,0.00794,0.28722,0.19890,0.52399,0.77677,0.68931,1.23825,0.07981,
1724732924246184704,2.85304,-0.81295,0.01370,0.27269,0.15184,0.51700,0.79705,0.78785,1.12146,0.10554,
1724732924446185472,2.98758,-0.59529,0.01131,0.23635,0.12641,0.53614,0.80045,0.74420,1.21636,-0.03931,
1724732924646086912,3.12824,-0.34953,0.01602,0.17486,0.08242,0.52495,0.82889,0.57218,1.38415,0.11271,
1724732924846087424,3.21188,-0.10644,0.04628,0.08593,0.04670,0.54206,0.83463,0.23638,1.36440,0.12008,
1724732925046087680,3.19825,0.09762,0.05394,0.02766,0.01187,0.54240,0.83958,0.06028,1.36232,-0.01459,
1724732925246095872,3.15992,0.31289,0.05277,0.00417,-0.00852,0.53203,0.84667,0.04269,1.40115,0.02330,
1724732925446096384,3.08070,0.44670,0.05491,-0.00228,-0.00817,0.57035,0.82136,-0.00985,1.25821,-0.00152,
1724732925646127104,2.96939,0.52542,0.03608,-0.03109,-0.01247,0.55181,0.83329,-0.14965,1.30019,0.01011,
1724732925846127872,2.82997,0.59495,0.03425,-0.07925,-0.00891,0.55621,0.82721,-0.36706,1.14112,0.15271,
1724732926056127232,2.67456,0.72622,0.02339,-0.13716,-0.07077,0.55436,0.81784,-0.60659,0.97476,-0.08340,
1724732926256131328,2.53993,0.90318,0.00785,-0.16246,-0.06964,0.54188,0.82166,-0.55779,0.97069,-0.00513,
1724732926422798336,2.44321,1.06421,0.01875,-0.16252,-0.07715,0.55490,0.81223,-0.52922,0.95119,0.04872,
1724732926622799616,2.33253,1.27526,0.01233,-0.17366,-0.09443,0.54187,0.81689,-0.63015,1.02879,-0.06284,
1724732926822799872,2.21176,1.45500,0.00928,-0.21809,-0.10316,0.53886,0.80711,-0.71443,0.95284,0.10670,
1724732926989466880,2.09095,1.57532,0.01735,-0.25697,-0.13223,0.54037,0.79024,-0.83771,0.77163,-0.00851,
1724732927189402368,1.92859,1.72421,-0.00605,-0.28413,-0.15934,0.51471,0.79307,-0.80775,0.78529,-0.06861,
1724732927389402624,1.77828,1.88953,-0.00370,-0.27509,-0.16895,0.53456,0.78104,-0.71226,0.79102,0.04701,
1724732927589403136,1.62153,2.06808,0.00007,-0.28475,-0.17708,0.51680,0.78770,-0.76087,0.78064,-0.06037,
1724732927756079104,1.48293,2.20679,0.00456,-0.31384,-0.18215,0.51454,0.77690,-0.84084,0.63805,0.10067,
1724732927956079360,1.30685,2.30650,0.03311,-0.36832,-0.22193,0.50571,0.74789,-0.88406,0.37323,0.03078,
1724732928156072960,1.11234,2.40667,0.02336,-0.40561,-0.24868,0.46883,0.74421,-0.92311,0.37142,-0.04564,
1724732928322739712,0.94080,2.51264,0.03184,-0.39602,-0.25302,0.47493,0.74404,-0.89172,0.33261,0.05718,
1724732928522740224,0.71818,2.64813,0.03789,-0.42321,-0.27560,0.46358,0.72803,-0.91873,0.22574,-0.04627,
1724732928722757632,0.45861,2.78351,0.03766,-0.46471,-0.27069,0.43939,0.71952,-1.10520,0.17904,0.03709,
1724732928922758144,0.21788,2.81390,0.05751,0.53022,0.31963,-0.43152,-0.65612,-1.04361,-0.20051,0.06964,
1724732929089425152,0.00664,2.84340,0.05998,0.56400,0.35649,-0.39725,-0.63009,-1.02560,-0.24302,-0.09437,
1724732929289397504,-0.23192,2.82805,0.04737,0.58949,0.38207,-0.37595,-0.60431,-1.03090,-0.31062,-0.00713,
1724732929489398016,-0.48449,2.82937,0.05551,0.61287,0.40781,-0.35990,-0.57319,-0.95893,-0.38038,-0.01121,
1724732929656043008,-0.70772,2.81496,0.04445,0.65536,0.40544,-0.33542,-0.54186,-1.04659,-0.50279,-0.09036,
1724732929856043008,-0.90757,2.70732,0.04714,0.70582,0.43562,-0.31263,-0.46293,-0.83053,-0.73418,0.08134,
1724732930056043520,-1.02419,2.52549,0.05373,0.74820,0.48586,-0.25377,-0.37381,-0.60684,-0.89771,-0.08713,
1724732930256045824,-1.09896,2.30957,0.03504,0.78507,0.49565,-0.19942,-0.31342,-0.50754,-1.05016,-0.07410,
1724732930422712832,-1.17605,2.14109,0.03565,0.78475,0.51994,-0.18176,-0.28423,-0.44249,-0.95562,0.06953,
1724732930622686976,-1.26647,1.94769,0.03683,0.81086,0.51480,-0.14686,-0.23646,-0.36624,-1.05464,-0.03545,
1724732930812687872,-1.33711,1.74208,0.03346,0.83626,0.50549,-0.12758,-0.16993,-0.31892,-1.13686,0.03393,
1724732931012688384,-1.36482,1.51588,0.04057,0.82993,0.54271,-0.08520,-0.09706,-0.02405,-1.12019,-0.02144,
1724732931212690688,-1.34516,1.29236,0.02301,0.83622,0.54269,-0.05285,-0.05853,0.06460,-1.14725,-0.09768,
1724732931379357696,-1.32358,1.10238,0.02133,0.83679,0.54460,-0.03235,-0.04630,0.08161,-1.11472,0.06589,
1724732931579358208,-1.29987,0.87835,0.02400,0.83208,0.55317,-0.02365,-0.03287,0.15758,-1.11669,-0.06966,
1724732931779383552,-1.29251,0.62995,0.00243,0.83828,0.54512,-0.00932,0.00623,0.17772,-1.26785,-0.05278,
1724732931946050560,-1.24748,0.42526,0.00753,0.82785,0.55866,0.00451,0.05041,0.36230,-1.18997,0.07694,
1724732932145991680,-1.15208,0.18911,0.00346,0.80956,0.57685,0.04986,0.09683,0.55775,-1.18312,-0.10009,
1724732932345991680,-1.04194,-0.04644,0.00288,0.80402,0.57818,0.04963,0.12961,0.56048,-1.18098,0.12143,
1724732932545992192,-0.93365,-0.29413,0.04259,0.76945,0.62125,0.08188,0.12366,0.59921,-1.23062,0.23609,
1724732932712694016,-0.83316,-0.50892,0.08718,0.74935,0.63988,0.10644,0.13306,0.66045,-1.27521,0.29794,
1724732932912694528,-0.70235,-0.74355,0.15132,0.73013,0.64152,0.15650,0.17571,0.65976,-1.07269,0.27240,
1724732933112694528,-0.55629,-0.92932,0.18048,0.71203,0.64236,0.17847,0.22029,0.70010,-0.97973,-0.00750,
1724732933279361536,-0.43823,-1.08546,0.17468,0.73238,0.61832,0.18184,0.21964,0.62580,-0.98642,-0.01889,
1724732933479362048,-0.32466,-1.29409,0.17828,0.73937,0.61566,0.16317,0.21834,0.50754,-1.11888,-0.02190,
1724732933679321600,-0.20946,-1.50898,0.14990,0.73439,0.62411,0.16479,0.20975,0.67357,-1.04484,-0.20007,
1724732933879322112,-0.03610,-1.69431,0.13655,0.71171,0.62090,0.20539,0.25645,1.11171,-0.72509,0.06574,
1724732934045989120,0.15337,-1.77694,0.14475,0.68693,0.59848,0.26886,0.31250,1.16307,-0.41971,-0.02209,
1724732934245962752,0.36646,-1.84113,0.12436,0.67602,0.56348,0.30922,0.36036,0.96756,-0.54030,-0.12623,
1724732934445963520,0.54153,-1.96830,0.12158,0.68460,0.56187,0.30230,0.35247,0.85499,-0.75087,-0.00305,
1724732934612620544,0.69286,-2.08482,0.10797,0.68224,0.57311,0.29707,0.34329,1.00456,-0.62309,-0.17285,
1724732934812620800,0.92124,-2.18634,0.08088,0.66190,0.56809,0.30781,0.38001,1.29820,-0.27493,-0.02565,
1724732935012621312,1.18020,-2.15649,0.08519,0.59536,0.53891,0.38873,0.45168,1.29739,0.33032,-0.01583,
1724732935212621824,1.42828,-2.09689,0.05750,0.56126,0.48895,0.44833,0.49489,1.21716,0.18843,-0.14582,
1724732935379288832,1.63247,-2.09081,0.05556,0.56179,0.48148,0.45109,0.49908,1.12562,0.00345,0.05788,
1724732935579288832,1.86022,-2.08284,0.06329,0.56241,0.47785,0.44370,0.50841,1.15238,0.18330,-0.06313,
1724732935779289600,2.13887,-2.05017,0.05073,0.54825,0.46344,0.44337,0.53672,1.29669,0.55214,0.03953,
1724732935945956352,2.34101,-1.91774,0.06397,0.48811,0.42040,0.49799,0.58053,0.99440,1.09938,0.06322,
1724732936146009344,2.52754,-1.69356,0.05527,0.42213,0.34039,0.55023,0.63497,0.86977,1.15413,-0.10871,
1724732936346009856,2.70310,-1.48426,0.05385,0.40006,0.31529,0.56478,0.64928,0.89347,0.89097,0.07625,
1724732936546010368,2.87619,-1.31348,0.06178,0.37726,0.30861,0.57112,0.66049,0.77528,0.96422,-0.02801,
1724732936712622336,3.02900,-1.14287,0.05762,0.33710,0.28063,0.56941,0.69525,0.73152,1.25818,0.04976,
1724732936912622592,3.12724,-0.87292,0.08557,0.24132,0.22440,0.58940,0.73757,0.25159,1.38364,0.13165,
1724732937112623104,3.14381,-0.59192,0.08787,0.16699,0.14843,0.61374,0.75724,0.10569,1.38383,-0.08020,
1724732937279300352,3.14914,-0.36507,0.08616,0.13210,0.10697,0.60693,0.77637,0.12027,1.30673,0.06713,
1724732937479300864,3.17341,-0.10985,0.09737,0.10855,0.08111,0.62290,0.77047,0.11880,1.23167,0.03239,
1724732937679291904,3.19894,0.15150,0.08738,0.07191,0.06904,0.61224,0.78437,0.01200,1.36087,-0.02816,
1724732937879292416,3.16489,0.41890,0.10226,0.00015,0.03362,0.61413,0.78849,-0.40993,1.28057,0.12871,
1724732938045959424,3.08185,0.62326,0.11370,-0.04309,-0.01845,0.61603,0.78633,-0.51708,1.22400,0.00240,
1724732938245946624,2.95441,0.84914,0.11612,-0.08899,-0.07092,0.59412,0.79629,-0.50710,1.13869,0.01738,
1724732938422612992,2.87133,1.06134,0.12577,-0.08090,-0.07553,0.60432,0.78902,-0.39369,1.19507,0.05447,
1724732938622612992,2.78227,1.29792,0.11693,-0.09968,-0.08088,0.59691,0.79197,-0.51079,1.20785,-0.10407,
1724732938822576384,2.65294,1.53700,0.10800,-0.14853,-0.10668,0.60267,0.77675,-0.77370,1.14248,0.08232,
1724732938989243392,2.49884,1.69372,0.11799,-0.19814,-0.15222,0.60264,0.75789,-0.96903,0.92083,-0.01552,
1724732939189204480,2.29098,1.86399,0.09359,-0.23354,-0.18110,0.60876,0.73626,-0.99411,0.92147,-0.11130,
1724732939389204480,2.10061,2.04146,0.08799,-0.24083,-0.18610,0.60000,0.73984,-0.88839,0.92727,-0.02985,
1724732939589204992,1.90178,2.20492,0.06773,-0.22470,-0.18274,0.59072,0.75310,-1.11731,0.77649,-0.15400,
1724732939755927552,1.70391,2.31861,0.05422,-0.28331,-0.21975,0.58520,0.72731,-1.25239,0.60911,0.07579,
1724732939955927808,1.45075,2.39028,0.07883,-0.35656,-0.28063,0.56614,0.68818,-1.24678,0.33933,0.10159,
1724732940155897856,1.20402,2.43245,0.08619,-0.39428,-0.31740,0.54054,0.67203,-1.16680,0.34972,0.05157,
1724732940322564864,1.01251,2.48173,0.10843,-0.38836,-0.29280,0.52305,0.69990,-1.08946,0.45766,0.14334,
1724732940522565120,0.79518,2.54818,0.12516,-0.37908,-0.27382,0.54069,0.69926,-1.10620,0.32708,-0.01593,
1724732940722565632,0.55471,2.56453,0.11841,-0.42389,-0.30251,0.50819,0.68596,-1.31849,-0.03456,0.00494,
1724732940922565888,0.29600,2.48977,0.12109,0.51247,0.39447,-0.46251,-0.60651,-1.23844,-0.64179,-0.04377,
1724732941089232896,0.10345,2.35044,0.10033,0.56629,0.45824,-0.41005,-0.54881,-1.10000,-0.90738,-0.22434,
1724732941289225728,-0.08136,2.14116,0.04865,0.62899,0.51963,-0.35159,-0.45907,-0.83479,-1.05375,-0.27122,
1724732941489226240,-0.19908,1.91725,-0.03711,0.68493,0.60145,-0.28490,-0.29658,-0.39676,-1.09405,-0.64171,
1724732941679250688,-0.24487,1.71454,-0.18107,0.65611,0.71235,-0.20179,-0.14612,-0.08977,-1.03699,-0.76139,
1724732941879250944,-0.20426,1.54476,-0.30507,0.62528,0.77952,-0.03666,0.00488,0.44028,-0.70078,-0.50357,
1724732942045917952,-0.12385,1.43401,-0.38829,0.61037,0.77823,0.12464,0.07924,0.44131,-0.65963,-0.48439,
1724732942245876224,-0.05744,1.26425,-0.50115,0.61677,0.75522,0.19071,0.11343,0.16884,-0.92171,-0.66398,
1724732942445876480,-0.01066,1.08147,-0.65859,0.62172,0.73582,0.19462,0.18481,0.17332,-0.68010,-0.92603,
1724732942612543232,0.00887,0.96945,-0.82055,0.64755,0.70722,0.19846,0.20282,0.07623,-0.65769,-0.92171,
1724732942812540416,0.03763,0.86243,-0.97793,0.66756,0.68270,0.19366,0.22535,-0.03482,-0.28746,-0.58603,
1724732943012540928,0.08805,0.80221,-1.05048,0.67445,0.66514,0.19599,0.25357,-0.09144,-0.18754,-0.23142,
1724732943212599296,0.09205,0.76982,-1.07654,0.68138,0.66644,0.18004,0.24322,-0.17869,-0.12174,-0.11593,
1724732943379266304,0.08471,0.75782,-1.08318,0.67993,0.67412,0.16309,0.23804,-0.17104,-0.04603,-0.04960,
1724732943579266816,0.10606,0.74991,-1.08693,0.67369,0.67288,0.18392,0.24403,-0.08509,-0.04303,-0.04210,
1724732943779237632,0.13962,0.73535,-1.08378,0.67265,0.67394,0.18938,0.23975,-0.05800,-0.05738,0.02907,
1724732943945904640,0.16586,0.72596,-1.07500,0.67790,0.66566,0.20236,0.23748,-0.04712,-0.06579,0.04094,
1724732944145881344,0.15957,0.71799,-1.07091,0.68579,0.65780,0.21705,0.22331,-0.04984,-0.04706,0.03565,
1724732944345881600,0.16640,0.73674,-1.05411,0.69701,0.65091,0.20638,0.21886,-0.06192,-0.03118,0.02527,
1724732944545882112,0.18737,0.79246,-1.02275,0.69993,0.64765,0.20673,0.21890,-0.01524,-0.01459,0.02555,
1724732944712526336,0.19925,0.80918,-1.02005,0.70007,0.64740,0.20676,0.21916,0.00110,-0.00160,0.02071,
1724732944912526592,0.19341,0.80373,-1.01989,0.69988,0.64721,0.20735,0.21978,0.00291,0.00359,0.01726,
1724732945112527104,0.19979,0.81017,-1.01147,0.70001,0.64740,0.20698,0.21911,0.01985,0.01264,0.01495,
1724732945279192064,0.21129,0.82037,-1.00424,0.70019,0.64770,0.20641,0.21820,0.03755,0.02078,0.01225,
1724732945479192320,0.22496,0.83365,-1.00717,0.70021,0.64779,0.20635,0.21792,0.05354,0.03222,0.00605,
1724732945679174400,0.23509,0.84925,-1.02199,0.70018,0.64763,0.20671,0.21817,0.06669,0.04626,-0.00166,
1724732945879174656,0.24387,0.86179,-1.03003,0.70017,0.64757,0.20686,0.21821,0.07687,0.05674,-0.00593,
1724732946045841920,0.24781,0.87019,-1.03534,0.70006,0.64748,0.20717,0.21854,0.08224,0.06409,-0.00771,
1724732946245910784,0.24860,0.87582,-1.03759,0.69986,0.64732,0.20771,0.21915,0.08717,0.07047,-0.01087,
1724732946445911296,0.25029,0.87981,-1.03626,0.69967,0.64721,0.20818,0.21964,0.09208,0.07445,-0.01163,
1724732946612578304,0.25077,0.88100,-1.03325,0.69947,0.64711,0.20864,0.22012,0.09456,0.07727,-0.01278,
1724732946812515584,0.25081,0.88194,-1.03255,0.69918,0.64692,0.20935,0.22093,0.09808,0.08028,-0.01530,
1724732947012515840,0.25301,0.85671,-1.06687,0.69911,0.64637,0.21021,0.22197,0.09532,0.08780,-0.02003,
1724732947212513536,0.25678,0.84222,-1.07601,0.69890,0.64610,0.21090,0.22276,0.09700,0.08815,-0.02259,
1724732947379180544,0.25543,0.83950,-1.08095,0.69875,0.64592,0.21135,0.22330,0.09666,0.09140,-0.02385,
1724732947579181312,0.25686,0.83503,-1.08636,0.69858,0.64566,0.21199,0.22401,0.09865,0.09405,-0.02527,
1724732947779181568,0.25602,0.83063,-1.09145,0.69836,0.64541,0.21264,0.22479,0.09900,0.09749,-0.02659,
1724732947945848576,0.25389,0.82743,-1.09493,0.69824,0.64524,0.21303,0.22525,0.09845,0.09981,-0.02783,
1724732948145849088,0.25410,0.82454,-1.09950,0.69804,0.64505,0.21362,0.22588,0.09952,0.10339,-0.02909,
1724732948345784576,0.25321,0.82188,-1.10367,0.69788,0.64482,0.21416,0.22650,0.09956,0.10637,-0.03061,
1724732948545785088,0.25152,0.81789,-1.10840,0.69767,0.64456,0.21481,0.22728,0.09933,0.10937,-0.03189,
1724732948712423680,0.24692,0.81418,-1.11341,0.69756,0.64437,0.21520,0.22776,0.09743,0.11275,-0.03341,
1724732948912424192,0.24635,0.81249,-1.11915,0.69736,0.64414,0.21581,0.22846,0.09815,0.11633,-0.03433,
1724732949112424704,0.24397,0.80893,-1.12153,0.69719,0.64394,0.21634,0.22904,0.09813,0.11824,-0.03431,
1724732949279098624,0.24050,0.80445,-1.12256,0.69709,0.64379,0.21669,0.22945,0.09788,0.12044,-0.03467,
1724732949479099136,0.23951,0.80215,-1.12531,0.69690,0.64354,0.21731,0.23016,0.09892,0.12303,-0.03518,
1724732949679113728,0.23727,0.79957,-1.12729,0.69676,0.64338,0.21774,0.23060,0.09994,0.12556,-0.03666,
1724732949879113984,0.23492,0.79694,-1.12891,0.69661,0.64318,0.21822,0.23116,0.09975,0.12800,-0.03731,
1724732950045780992,0.23140,0.79268,-1.12869,0.69648,0.64309,0.21852,0.23153,0.09990,0.12842,-0.03755,
1724732950245730048,0.23031,0.79198,-1.13115,0.69626,0.64290,0.21906,0.23218,0.10017,0.13042,-0.03810,
1724732950445730560,0.22892,0.78844,-1.13288,0.69611,0.64273,0.21951,0.23270,0.09990,0.13277,-0.03860,
1724732950612397568,0.22372,0.78643,-1.13242,0.69600,0.64261,0.21980,0.23307,0.10012,0.13478,-0.03914,
1724732950812416512,0.22356,0.78494,-1.13521,0.69582,0.64241,0.22029,0.23368,0.10029,0.13554,-0.04028,
1724732951012417024,0.22072,0.78253,-1.13632,0.69560,0.64223,0.22085,0.23431,0.10082,0.13650,-0.04124,
1724732951212421120,0.21716,0.78004,-1.13702,0.69545,0.64206,0.22127,0.23486,0.10212,0.13786,-0.04174,
1724732951379088128,0.21364,0.77588,-1.13547,0.69533,0.64196,0.22156,0.23519,0.10246,0.13817,-0.04213,
1724732951579088384,0.21083,0.77503,-1.13804,0.69516,0.64175,0.22209,0.23577,0.10303,0.13888,-0.04286,
1724732951779080704,0.20714,0.77369,-1.13850,0.69497,0.64156,0.22257,0.23640,0.10367,0.14018,-0.04296,
1724732951945747712,0.20281,0.77066,-1.13634,0.69487,0.64145,0.22285,0.23672,0.10469,0.14068,-0.04391,
1724732952145747968,0.20162,0.77162,-1.13883,0.69468,0.64129,0.22332,0.23727,0.10534,0.14303,-0.04465,
1724732952345715712,0.20023,0.76917,-1.13838,0.69451,0.64111,0.22381,0.23779,0.10745,0.14435,-0.04471,
1724732952545715968,0.19651,0.76628,-1.13820,0.69432,0.64094,0.22429,0.23835,0.10762,0.14503,-0.04444,
1724732952712428544,0.19071,0.76519,-1.13561,0.69423,0.64087,0.22450,0.23861,0.10757,0.14688,-0.04461,
1724732952912428800,0.19101,0.76281,-1.13743,0.69406,0.64072,0.22493,0.23908,0.10882,0.14712,-0.04479,
1724732953112429056,0.18652,0.76360,-1.13720,0.69388,0.64057,0.22537,0.23959,0.10818,0.14857,-0.04544,
1724732953279045376,0.18330,0.75866,-1.13456,0.69379,0.64051,0.22557,0.23983,0.10751,0.14792,-0.04499,
1724732953479045888,0.17869,0.75912,-1.13768,0.69356,0.64036,0.22607,0.24044,0.10746,0.14923,-0.04521,
1724732953679075840,0.17203,0.76052,-1.13930,0.69337,0.64022,0.22648,0.24096,0.10672,0.15077,-0.04473,
1724732953879076608,0.15963,0.76366,-1.14669,0.69323,0.64006,0.22686,0.24141,0.10400,0.15378,-0.04594,
1724732954045743360,0.14617,0.76821,-1.15149,0.69312,0.63994,0.22718,0.24177,0.10183,0.15683,-0.04763,
1724732954245699328,0.13040,0.78046,-1.16225,0.69292,0.63976,0.22765,0.24238,0.09821,0.16082,-0.04954,
1724732954445699840,0.12725,0.78039,-1.16227,0.69272,0.63963,0.22810,0.24287,0.09955,0.16166,-0.04973,
1724732954612366848,0.28064,0.87012,-1.08750,0.69973,0.64761,0.20666,0.21972,-0.01043,-0.00571,-0.00145,
1724732954812361472,0.28077,0.86892,-1.08535,0.69958,0.64776,0.20673,0.21967,-0.00020,-0.00890,-0.00453,
1724732955012361728,0.28073,0.86935,-1.08523,0.69955,0.64780,0.20675,0.21965,0.00133,0.00210,-0.00425,
1724732955212393472,0.28159,0.86997,-1.08481,0.69956,0.64783,0.20676,0.21951,0.00638,0.00239,-0.00282,
1724732955379060480,0.28178,0.87016,-1.08452,0.69958,0.64783,0.20680,0.21940,-0.00138,0.00063,-0.00314,
1724732955579060736,0.28351,0.87072,-1.08592,0.69970,0.64779,0.20669,0.21924,0.00545,-0.00041,-0.00610,
1724732955779012096,0.28348,0.86900,-1.08536,0.69968,0.64779,0.20670,0.21930,0.00297,-0.00791,0.00011,
1724732955945679104,0.28156,0.86889,-1.08614,0.69964,0.64776,0.20665,0.21956,-0.00054,0.00114,-0.00290,
1724732956145679360,0.28157,0.86877,-1.08678,0.69969,0.64770,0.20655,0.21966,0.00365,-0.00039,0.00007,
1724732956345702400,0.28162,0.86836,-1.08733,0.69973,0.64764,0.20656,0.21971,0.00128,-0.00278,-0.00005,
1724732956545702912,0.28117,0.86761,-1.08744,0.69974,0.64760,0.20663,0.21973,-0.00199,-0.00192,-0.00139,
1724732956712344064,0.28150,0.86760,-1.08696,0.69972,0.64764,0.20663,0.21970,0.00032,-0.00155,-0.00087,
1724732956912344576,0.28170,0.86709,-1.08650,0.69970,0.64766,0.20663,0.21967,0.00343,-0.00405,-0.00129,
1724732957112345088,0.28219,0.86740,-1.08649,0.69973,0.64765,0.20658,0.21965,0.00614,0.00144,-0.00079,
1724732957278995200,0.28310,0.86794,-1.08732,0.69981,0.64759,0.20659,0.21956,0.00466,0.00548,-0.00453,
1724732957478995456,0.28451,0.86942,-1.08700,0.69983,0.64764,0.20668,0.21928,0.00504,0.00792,-0.00425,
1724732957678991360,0.28538,0.86882,-1.08597,0.69979,0.64772,0.20674,0.21911,0.00439,-0.00409,-0.00155,
1724732957878991360,0.28486,0.86927,-1.08682,0.69983,0.64766,0.20668,0.21920,0.00061,0.00159,-0.00129,
1724732958045658368,0.28398,0.86975,-1.08839,0.69985,0.64760,0.20657,0.21943,-0.00586,0.00225,0.00013,
1724732958245645056,0.28538,0.87016,-1.08797,0.69987,0.64762,0.20649,0.21939,0.00364,-0.00134,0.00030,
1724732958445645312,0.28568,0.87048,-1.08725,0.69984,0.64766,0.20652,0.21934,0.00352,-0.00051,0.00066,
1724732958612312320,0.28585,0.86948,-1.08858,0.69996,0.64755,0.20649,0.21933,0.00236,-0.00581,-0.00621,
1724732958812313856,0.28671,0.87001,-1.08821,0.69994,0.64760,0.20640,0.21931,0.00502,0.00591,0.00338,
1724732959012314112,0.28699,0.87067,-1.08886,0.69998,0.64755,0.20645,0.21927,0.00434,0.00206,-0.00459,
1724732959212314368,0.28666,0.86971,-1.08876,0.69996,0.64756,0.20646,0.21933,0.01057,-0.00086,0.00963,
1724732959378981376,0.28632,0.86893,-1.08795,0.69983,0.64763,0.20638,0.21957,0.00505,0.00016,0.01086,
1724732959578981888,0.28525,0.86798,-1.08714,0.69946,0.64753,0.20700,0.22047,-0.00074,-0.00389,-0.00321,
1724732959778982144,0.28661,0.86899,-1.08499,0.69977,0.64731,0.20653,0.22057,-0.00133,0.00094,0.00421,
1724732959945649152,0.28096,0.87549,-1.05405,0.71285,0.63294,0.20163,0.22490,-0.02624,0.05689,0.17876,
1724732960145649664,0.25764,0.86208,-1.04658,0.72117,0.61489,0.20136,0.24755,-0.00996,0.09659,-0.06254,
1724732960345671680,0.19851,0.83243,-1.04080,0.70726,0.62406,0.20049,0.26484,-0.30300,-0.06895,-0.03746,
1724732960545672192,0.12311,0.82202,-1.04188,0.69993,0.63119,0.21718,0.25404,-0.34343,-0.03775,0.05178,
1724732960712339200,0.07788,0.87951,-1.05686,0.69854,0.63565,0.21987,0.24423,-0.35982,0.10459,0.05909,
1724732960912339456,0.02329,0.93588,-1.05516,0.69795,0.64333,0.21780,0.22707,-0.32360,0.17246,0.04209,
1724732961112339968,-0.03100,0.98503,-1.04832,0.69555,0.65112,0.21100,0.21850,-0.26006,0.21383,0.07709,
1724732961278974208,-0.05676,1.01192,-1.03443,0.69007,0.65947,0.21045,0.21122,-0.17044,0.19068,0.09985,
1724732961478974464,-0.05071,1.02764,-1.01180,0.69398,0.65608,0.20322,0.21598,-0.03888,0.14697,0.10276,
1724732961678975232,-0.04180,1.03217,-0.99805,0.69316,0.65647,0.20572,0.21510,0.05386,0.08965,0.09174,
1724732961878920960,-0.03265,1.04673,-0.98028,0.69707,0.65053,0.19955,0.22601,0.10631,0.05978,0.11429,
1724732962045587968,-0.00815,1.05160,-0.96422,0.69628,0.65117,0.20181,0.22460,0.13030,0.03930,0.10267,
1724732962245601024,0.02654,1.05492,-0.94910,0.69749,0.65026,0.19117,0.23267,0.15810,0.01687,0.14402,
1724732962445601280,0.05618,1.05109,-0.91636,0.70056,0.64764,0.19474,0.22771,0.15398,0.00070,0.22084,
1724732962612268288,0.08052,1.03957,-0.88684,0.70131,0.64658,0.19160,0.23106,0.13067,-0.02118,0.21439,
1724732962812284160,0.10352,1.02617,-0.84800,0.70413,0.64411,0.18947,0.23115,0.08034,-0.02418,0.22342,
1724732963012284672,0.11445,1.01833,-0.80621,0.70009,0.64845,0.19112,0.22990,0.04953,-0.00695,0.20877,
1724732963212284928,0.11726,1.01003,-0.77169,0.69476,0.65350,0.19433,0.22910,0.02564,0.00820,0.20049,
1724732963378951680,0.11351,1.00642,-0.74772,0.69086,0.65684,0.19420,0.23143,0.00007,-0.00351,0.18570,
1724732963578952192,0.11041,0.99961,-0.71557,0.69030,0.65778,0.20421,0.22161,-0.01580,-0.04267,0.16331,
1724732963778853888,0.10703,0.98956,-0.68413,0.69103,0.65692,0.20531,0.22088,0.01760,-0.05325,0.21846,
1724732963945520896,0.10625,0.98198,-0.65077,0.68977,0.65886,0.19799,0.22566,0.02436,-0.05645,0.19582,
1724732964145521408,0.10985,0.97159,-0.61792,0.69259,0.65708,0.20141,0.21908,0.02995,-0.05170,0.19332,
1724732964345570048,0.12253,0.96436,-0.58389,0.69350,0.65703,0.19443,0.22263,0.06011,-0.04076,0.10548,
1724732964545570560,0.13766,0.95806,-0.56741,0.69300,0.65750,0.18985,0.22672,0.05239,-0.05070,0.12176,
1724732964712240384,0.14758,0.95435,-0.54262,0.69316,0.65687,0.19605,0.22274,0.04929,-0.05104,0.19883,
1724732964912240896,0.15520,0.94310,-0.52377,0.69074,0.65856,0.19286,0.22800,0.01105,-0.08165,-0.02217,
1724732965112241152,0.16660,0.92980,-0.55761,0.69225,0.65642,0.19700,0.22604,0.01919,-0.08819,-0.18782,
1724732965278876672,0.17313,0.91633,-0.59056,0.69279,0.65540,0.19862,0.22593,0.01217,-0.10567,-0.14939,
1724732965478877184,0.17804,0.90675,-0.62191,0.69418,0.65247,0.20479,0.22463,0.01707,-0.09185,-0.08406,
1724732965678877440,0.18432,0.89113,-0.63933,0.69286,0.65342,0.19915,0.23093,-0.00898,-0.08778,-0.02236,
1724732965878898176,0.18320,0.88582,-0.64943,0.69460,0.65052,0.21158,0.22267,-0.00235,-0.08287,0.01798,
1724732966045565184,0.18871,0.88242,-0.64042,0.69313,0.65192,0.20546,0.22883,0.03027,-0.06047,0.05535,
1724732966245582848,0.19397,0.87489,-0.63195,0.69400,0.65198,0.20643,0.22513,0.02407,-0.05169,0.04392,
1724732966445583360,0.20163,0.87105,-0.63160,0.69448,0.65254,0.20157,0.22643,0.03326,-0.04517,-0.01833,
1724732966612250624,0.21182,0.86929,-0.63995,0.69248,0.65539,0.19584,0.22930,0.01765,-0.03728,0.01305,
1724732966812209664,0.21810,0.86407,-0.61437,0.69725,0.65002,0.20557,0.22150,0.02370,-0.03092,0.24135,
1724732967012210176,0.21581,0.87374,-0.57044,0.69189,0.65532,0.20281,0.22522,0.02548,-0.02238,0.26684,
1724732967212189440,0.22021,0.86745,-0.53131,0.68995,0.65745,0.20094,0.22661,0.03644,-0.02176,0.10130,
1724732967378856448,0.22270,0.86278,-0.53787,0.69011,0.65709,0.20648,0.22214,0.02777,-0.05317,-0.10486,
1724732967578856704,0.22784,0.85445,-0.56497,0.69287,0.65325,0.20311,0.22793,0.04028,-0.04569,-0.09897,
1724732967778862592,0.23725,0.84686,-0.57943,0.69353,0.65112,0.20567,0.22970,0.03843,-0.03897,-0.02317,
1724732967945529600,0.24122,0.84028,-0.57840,0.69169,0.65263,0.20548,0.23113,0.01554,-0.04397,0.02549,
1724732968145530112,0.23805,0.83955,-0.57674,0.69123,0.65380,0.20828,0.22662,0.01109,-0.03362,0.06251,
1724732968345548288,0.24140,0.83197,-0.56106,0.69726,0.64740,0.20834,0.22651,0.01376,-0.01281,0.07235,
1724732968545548800,0.24918,0.82621,-0.54827,0.68030,0.66544,0.20825,0.22585,0.03414,-0.01343,0.07303,
1724732968712225792,0.25584,0.81714,-0.53594,0.67404,0.67195,0.20939,0.22430,0.06079,-0.09263,0.07669,
1724732968912226048,0.26623,0.79647,-0.53525,0.66781,0.67830,0.21629,0.21716,0.12094,-0.16865,0.04448,
1724732969112226304,0.30368,0.74738,-0.52477,0.66344,0.68255,0.21716,0.21634,0.23549,-0.28684,0.04477,
1724732969278897664,0.34663,0.69225,-0.52772,0.66844,0.67798,0.21212,0.22031,0.30724,-0.36996,0.03511,
1724732969478898176,0.40911,0.60621,-0.52477,0.68182,0.66422,0.21052,0.22274,0.35698,-0.44254,0.01710,
1724732969678898432,0.47627,0.51261,-0.52659,0.68281,0.66312,0.20736,0.22592,0.35057,-0.48823,-0.00371,
1724732969878833152,0.54271,0.41700,-0.52516,0.71474,0.62827,0.20273,0.23094,0.32417,-0.43329,0.00343,
1724732970045500160,0.58532,0.35536,-0.53261,0.71591,0.62676,0.19494,0.23801,0.21648,-0.31425,-0.04196,
1724732970245500672,0.61132,0.30792,-0.54602,0.71072,0.63298,0.20062,0.23232,0.10298,-0.21712,-0.03723,
1724732970445500928,0.62582,0.27118,-0.54972,0.71373,0.63042,0.20142,0.22932,0.03273,-0.14017,-0.00016,
1724732970612167936,0.62468,0.26169,-0.54949,0.71848,0.62503,0.19766,0.23249,-0.04344,-0.02354,-0.02441,
1724732970812168192,0.60524,0.27476,-0.55464,0.70560,0.63928,0.19883,0.23221,-0.11601,0.07420,-0.00948,
1724732971012168448,0.57654,0.29295,-0.55185,0.70942,0.63558,0.19965,0.22998,-0.16939,0.11520,0.02665,
1724732971212168960,0.53340,0.33208,-0.54989,0.72062,0.62383,0.20148,0.22573,-0.22929,0.23074,0.01535,
1724732971378835968,0.48951,0.38450,-0.54902,0.71975,0.62582,0.19692,0.22699,-0.27691,0.34141,-0.00511,
1724732971578836224,0.42759,0.46424,-0.55112,0.71591,0.63144,0.19686,0.22361,-0.34278,0.43206,-0.01370,
1724732971778816768,0.35758,0.56094,-0.55233,0.70678,0.64180,0.19423,0.22545,-0.35476,0.51612,0.01034,
1724732971945484032,0.29834,0.64834,-0.55245,0.69371,0.65645,0.20228,0.21664,-0.35100,0.50971,0.01412,
1724732972145484288,0.23485,0.74997,-0.54724,0.69890,0.65120,0.20199,0.21605,-0.29764,0.50226,0.01760,
1724732972345484800,0.17781,0.85148,-0.54327,0.70081,0.64932,0.19457,0.22225,-0.28981,0.50102,0.01406,
1724732972545485056,0.12448,0.95620,-0.53933,0.70922,0.63867,0.19854,0.22290,-0.27682,0.55236,0.01240,
1724732972712152064,0.08053,1.05330,-0.53653,0.70371,0.64162,0.19238,0.23686,-0.28950,0.59238,0.02166,
1724732972912119296,0.01818,1.16825,-0.53696,0.67868,0.66604,0.20641,0.23061,-0.31824,0.54010,0.02007,
1724732973112119808,-0.03752,1.26158,-0.53087,0.67449,0.66891,0.21749,0.22431,-0.23109,0.41752,0.05022,
1724732973278860800,-0.06818,1.32328,-0.52109,0.67368,0.67031,0.20902,0.23054,-0.16775,0.32773,0.05784,
1724732973478861056,-0.09583,1.37436,-0.51075,0.67486,0.66977,0.21377,0.22420,-0.10046,0.21087,0.03747,
1724732973678861568,-0.10839,1.40426,-0.50579,0.66136,0.68295,0.21811,0.22050,-0.01695,0.09884,0.00908,
1724732973878845440,-0.09871,1.40210,-0.49876,0.67201,0.67229,0.21639,0.22271,0.09919,-0.06726,0.03093,
1724732974045512448,-0.06911,1.37797,-0.49372,0.69178,0.65075,0.21426,0.22817,0.15118,-0.08726,-0.00645,
1724732974245497344,-0.03091,1.34587,-0.49535,0.68909,0.65239,0.20781,0.23741,0.13721,-0.08869,-0.03283,
1724732974445497856,0.00066,1.32521,-0.49966,0.67941,0.66256,0.21315,0.23235,0.14703,-0.11991,-0.02067,
1724732974612164608,0.02934,1.30013,-0.49877,0.67988,0.66237,0.21365,0.23105,0.18196,-0.16897,-0.00184,
1724732974812107264,0.06800,1.26005,-0.49440,0.68184,0.66094,0.21258,0.23037,0.22593,-0.22263,0.02932,
1724732975012107520,0.10888,1.21673,-0.48818,0.71075,0.62960,0.19848,0.24298,0.18857,-0.18268,0.01235,
1724732975212108288,0.13642,1.18969,-0.49425,0.70328,0.63933,0.20190,0.23641,0.09530,-0.10045,-0.01299,
1724732975378775296,0.15103,1.17673,-0.49769,0.70208,0.64183,0.20152,0.23352,0.05990,-0.06571,0.00310,
1724732975578775808,0.16129,1.16773,-0.50261,0.70361,0.64071,0.22149,0.21301,0.05083,-0.01257,-0.03956,
1724732975778750976,0.18325,1.17343,-0.50523,0.69639,0.64819,0.22830,0.20680,0.17497,0.06876,0.01026,
1724732975945417984,0.22032,1.19070,-0.50306,0.69556,0.64897,0.23068,0.20451,0.26096,0.10220,-0.01208,
1724732976145418496,0.28164,1.21144,-0.50826,0.69692,0.64710,0.22759,0.20918,0.35188,0.13639,-0.01220,
1724732976345415424,0.35946,1.24207,-0.50880,0.69378,0.65102,0.22465,0.21066,0.42655,0.16669,0.00971,
1724732976545415936,0.45611,1.27867,-0.51130,0.69722,0.64729,0.22451,0.21092,0.50296,0.19524,-0.01675,
1724732976712082944,0.54550,1.31777,-0.51394,0.69708,0.64830,0.21517,0.21794,0.53723,0.21986,-0.02373,
1724732976912078592,0.65643,1.36502,-0.52020,0.69928,0.64641,0.21767,0.21394,0.56685,0.25482,-0.03093,
1724732977112079104,0.77452,1.41461,-0.53003,0.69787,0.64846,0.21822,0.21180,0.59628,0.26815,-0.04108,
1724732977278732032,0.87914,1.46268,-0.53665,0.69539,0.65154,0.21373,0.21509,0.64545,0.29164,-0.03144,
1724732977478732544,1.00606,1.52172,-0.53996,0.69320,0.65397,0.19515,0.23177,0.61897,0.27018,-0.02854,
1724732977678733056,1.12072,1.57326,-0.54470,0.68876,0.65825,0.18542,0.24070,0.53412,0.21240,-0.03363,
1724732977878725888,1.21495,1.60608,-0.54620,0.67848,0.66591,0.15111,0.27093,0.37298,0.10219,-0.01267,
1724732978045392896,1.25484,1.60681,-0.54618,0.66657,0.67418,0.11887,0.29503,0.08850,-0.10073,-0.02041,
1724732978245412864,1.23990,1.56157,-0.55408,0.67197,0.67366,0.14414,0.27179,-0.20758,-0.32223,-0.02967,
1724732978445413376,1.17945,1.47919,-0.55768,0.67944,0.66688,0.15183,0.26566,-0.40807,-0.48353,-0.04728,
1724732978612080384,1.10508,1.38949,-0.56228,0.68061,0.66554,0.15456,0.26447,-0.55575,-0.59192,-0.02871,
1724732978812009472,0.98732,1.25995,-0.56580,0.68826,0.65984,0.18128,0.24091,-0.69039,-0.69503,-0.05279,
1724732979012009984,0.86242,1.12061,-0.56612,0.70186,0.64547,0.21480,0.21124,-0.65232,-0.67475,-0.04476,
1724732979212010240,0.75519,0.99828,-0.56602,0.70473,0.64149,0.23382,0.19283,-0.47348,-0.52630,-0.00994,
1724732979378682624,0.68862,0.91747,-0.56094,0.70286,0.64464,0.22889,0.19501,-0.34649,-0.42391,-0.00859,
1724732979578683136,0.63305,0.84462,-0.55849,0.70195,0.64608,0.22373,0.19947,-0.21790,-0.30520,-0.02734,
1724732979778704896,0.60231,0.79379,-0.55693,0.70459,0.64230,0.22335,0.20279,-0.09592,-0.20054,0.00028,
1724732979945371904,0.59386,0.76706,-0.55608,0.69981,0.64688,0.21615,0.21233,-0.04003,-0.12607,-0.03383,
1724732980145372416,0.59168,0.74667,-0.55849,0.68732,0.66009,0.19024,0.23596,-0.03623,-0.12202,-0.02977,
1724732980345374464,0.57809,0.72213,-0.55905,0.68632,0.66059,0.18643,0.24045,-0.13286,-0.16973,-0.01377,
1724732980545374976,0.54351,0.68866,-0.55779,0.68491,0.66211,0.19274,0.23528,-0.21395,-0.21742,-0.00896,
1724732980712041728,0.50553,0.64752,-0.55905,0.68578,0.66078,0.19542,0.23426,-0.24237,-0.25945,-0.00033,
1724732980911998976,0.45674,0.58926,-0.56102,0.68493,0.66216,0.19944,0.22944,-0.23652,-0.30813,-0.00961,
1724732981111999232,0.41146,0.53369,-0.55959,0.68694,0.65983,0.19787,0.23147,-0.22723,-0.32404,-0.02272,
1724732981278682368,0.37130,0.48262,-0.55774,0.68423,0.66239,0.19407,0.23539,-0.24837,-0.36768,-0.02705,
1724732981478682880,0.31486,0.40892,-0.55600,0.68575,0.65944,0.19267,0.24035,-0.27353,-0.40904,-0.01443,
1724732981678683136,0.25395,0.32509,-0.54775,0.68835,0.65545,0.19333,0.24328,-0.32615,-0.43870,-0.01461,
1724732981878683648,0.18652,0.23380,-0.55344,0.70466,0.63743,0.20073,0.23841,-0.35973,-0.43761,-0.03372,
1724732982045350656,0.12261,0.17277,-0.54503,0.71888,0.62180,0.20833,0.23058,-0.39687,-0.33404,-0.02327,
1724732982245350912,0.04115,0.13693,-0.54273,0.72522,0.61518,0.21170,0.22537,-0.41741,-0.11936,-0.00792,
1724732982445350144,-0.04681,0.14153,-0.53544,0.72513,0.61615,0.19895,0.23444,-0.47454,0.04570,0.02149,
1724732982612017152,-0.13352,0.16033,-0.53167,0.73286,0.60734,0.20082,0.23180,-0.53692,0.20211,0.00773,
1724732982812019712,-0.25449,0.21913,-0.53075,0.73145,0.61013,0.19338,0.23520,-0.64102,0.38685,-0.01202,
1724732983012020224,-0.39683,0.30700,-0.53496,0.72823,0.61666,0.20200,0.22047,-0.70596,0.54943,-0.01792,
1724732983212020736,-0.54123,0.42917,-0.53961,0.69323,0.65556,0.20225,0.22085,-0.68218,0.65313,-0.02037,
1724732983378687744,-0.65002,0.53081,-0.54166,0.66295,0.68534,0.21770,0.20836,-0.57838,0.53663,0.02475,
1724732983578688000,-0.74700,0.62112,-0.53403,0.67002,0.67710,0.21300,0.21734,-0.41549,0.36135,0.03791,
1724732983778633728,-0.81700,0.68445,-0.53060,0.67948,0.66648,0.21553,0.21831,-0.31937,0.26096,-0.00345,
1724732983945300736,-0.86050,0.72563,-0.53233,0.68497,0.65905,0.22204,0.21718,-0.22320,0.23865,-0.01281,
1724732984145300992,-0.88432,0.77453,-0.53211,0.69027,0.65278,0.22754,0.21360,-0.10585,0.22650,-0.01503,
1724732984345302784,-0.88713,0.82157,-0.53082,0.69481,0.64771,0.22284,0.21920,0.01832,0.25026,-0.00356,
1724732984545302784,-0.87159,0.87147,-0.52886,0.69693,0.64576,0.22261,0.21846,0.09117,0.27131,-0.01497,
1724732984711969792,-0.84561,0.91568,-0.52737,0.69606,0.64767,0.21512,0.22306,0.14793,0.27729,-0.01142,
1724732984911971328,-0.80893,0.97103,-0.53019,0.69782,0.64636,0.21775,0.21875,0.19518,0.29559,-0.01603,
1724732985111971584,-0.75850,1.02925,-0.52298,0.69979,0.64586,0.21485,0.21678,0.24343,0.31886,0.00760,
1724732985278631424,-0.71565,1.08532,-0.52190,0.69897,0.64788,0.21318,0.21505,0.27830,0.34583,0.01960,
1724732985478631680,-0.65149,1.15068,-0.51278,0.69824,0.64924,0.20769,0.21864,0.29625,0.36220,0.00911,
1724732985678631936,-0.58643,1.22349,-0.51378,0.69778,0.64938,0.21098,0.21655,0.33418,0.38021,-0.01612,
1724732985878594304,-0.51246,1.29191,-0.50726,0.69339,0.65301,0.20979,0.22084,0.35593,0.36871,-0.01848,
1724732986045261312,-0.44853,1.34331,-0.51170,0.69399,0.65143,0.21557,0.21806,0.37429,0.35358,-0.03456,
1724732986245261824,-0.36498,1.40385,-0.51249,0.69278,0.65259,0.20846,0.22522,0.40675,0.34004,-0.01107,
1724732986445292544,-0.27955,1.46183,-0.51817,0.69559,0.65029,0.21727,0.21465,0.43039,0.31786,-0.03387,
1724732986611959552,-0.20358,1.51390,-0.52116,0.69566,0.65055,0.21394,0.21693,0.48334,0.33735,-0.00358,
1724732986811956480,-0.10360,1.57877,-0.52407,0.69563,0.65074,0.21228,0.21812,0.50980,0.32638,-0.01008,
1724732987011956480,0.00134,1.64384,-0.52515,0.69459,0.65117,0.21625,0.21623,0.55315,0.33182,-0.00677,
1724732987211956992,0.11600,1.70564,-0.52494,0.69771,0.64644,0.22206,0.21451,0.60120,0.33531,-0.00236,
1724732987378594560,0.21961,1.76158,-0.52588,0.69483,0.64897,0.21392,0.22423,0.63266,0.35011,-0.01966,
1724732987578594816,0.34541,1.82660,-0.53031,0.68681,0.65674,0.19980,0.23888,0.60211,0.29694,-0.04049,
1724732987778576128,0.45924,1.87963,-0.53736,0.67716,0.66623,0.19852,0.24123,0.52434,0.20818,-0.03313,
1724732987945243136,0.54531,1.90543,-0.54267,0.67824,0.66443,0.20842,0.23470,0.51439,0.11973,-0.01182,
1724732988145243392,0.64596,1.92231,-0.54692,0.68112,0.66063,0.20744,0.23792,0.49791,0.05653,-0.01913,
1724732988345276416,0.74100,1.92676,-0.54930,0.68240,0.65934,0.20887,0.23659,0.44757,-0.00019,-0.03598,
1724732988545276928,0.83018,1.92266,-0.55389,0.68313,0.65893,0.20764,0.23670,0.43128,-0.05637,-0.02918,
1724732988711943936,0.90278,1.91400,-0.55877,0.68430,0.65710,0.21155,0.23496,0.42179,-0.06503,-0.04575,
1724732988911861248,0.98758,1.89689,-0.56594,0.68325,0.65730,0.21206,0.23698,0.41762,-0.10150,-0.03120,
1724732989111861504,1.07542,1.88138,-0.56845,0.68227,0.65862,0.20987,0.23809,0.39790,-0.12628,-0.01837,
1724732989278549760,1.14574,1.86162,-0.56689,0.68349,0.65846,0.21425,0.23103,0.39509,-0.14604,-0.01747,
1724732989478549760,1.22643,1.83107,-0.56384,0.69753,0.64493,0.20242,0.23780,0.38306,-0.14452,-0.02110,
1724732989678550272,1.29592,1.80663,-0.56308,0.69983,0.64303,0.19819,0.23973,0.31601,-0.07860,-0.03109,
1724732989878543104,1.35014,1.79226,-0.56569,0.69679,0.64638,0.20146,0.23684,0.24987,-0.04355,-0.04066,
1724732990045210112,1.38586,1.78239,-0.57065,0.68431,0.65973,0.19394,0.24261,0.20900,-0.06519,-0.03406,
1724732990245210624,1.41530,1.76205,-0.57518,0.68493,0.65958,0.19394,0.24126,0.14205,-0.11656,-0.02913,
1724732990445225728,1.43037,1.73252,-0.57211,0.68413,0.66069,0.18589,0.24681,0.09822,-0.17448,0.01569,
1724732990611892992,1.43342,1.69932,-0.56572,0.68269,0.66239,0.18079,0.24999,0.00701,-0.23538,0.01265,
1724732990811869696,1.41567,1.64473,-0.55920,0.68220,0.66260,0.17212,0.25678,-0.12119,-0.32056,0.00647,
1724732991011869952,1.38506,1.57635,-0.55866,0.69436,0.65021,0.20883,0.22688,-0.15178,-0.33798,0.00620,
1724732991211870464,1.36333,1.51282,-0.55406,0.69587,0.64760,0.21366,0.22522,-0.08517,-0.29219,0.07473,
1724732991378545408,1.35838,1.46622,-0.53092,0.69453,0.65007,0.20698,0.22846,-0.03284,-0.26137,0.19850,
1724732991578545664,1.35463,1.41658,-0.48042,0.69435,0.65171,0.19878,0.23159,-0.01779,-0.23648,0.26470,
1724732991778557184,1.34936,1.37087,-0.42542,0.69324,0.65493,0.19563,0.22851,0.01249,-0.22305,0.25022,
1724732991945223936,1.35058,1.33294,-0.39597,0.68827,0.66087,0.17190,0.24493,-0.01535,-0.24070,0.05489,
1724732992145224448,1.33161,1.27274,-0.39789,0.67154,0.67363,0.11217,0.28751,-0.24160,-0.39157,-0.06216,
1724732992345246464,1.24763,1.17017,-0.41485,0.67903,0.67164,0.13316,0.26475,-0.58678,-0.60431,-0.07910,
1724732992545246976,1.11694,1.03622,-0.42506,0.69176,0.66101,0.18133,0.22728,-0.69696,-0.68974,-0.01850,
1724732992711913984,1.00511,0.92105,-0.42275,0.70332,0.64678,0.21513,0.20181,-0.62542,-0.64987,0.04547,
1724732992911854592,0.89296,0.80361,-0.40754,0.70559,0.64397,0.21429,0.20377,-0.50701,-0.52814,0.08089,
1724732993111855360,0.80339,0.71194,-0.39078,0.70274,0.64588,0.21830,0.20332,-0.39676,-0.40839,0.08025,
1724732993278522368,0.74586,0.65046,-0.37817,0.70132,0.64680,0.22166,0.20166,-0.30921,-0.31881,0.06914,
1724732993478522624,0.69951,0.59439,-0.36379,0.69635,0.65093,0.22219,0.20498,-0.17037,-0.23382,0.06173,
1724732993678523136,0.67380,0.54986,-0.35490,0.67991,0.66775,0.21484,0.21371,-0.07111,-0.22767,0.03784,
1724732993878455808,0.66614,0.49251,-0.34923,0.67861,0.66853,0.21252,0.21771,0.00688,-0.31697,0.02363,
1724732994045122816,0.67211,0.43493,-0.34475,0.67870,0.66852,0.21145,0.21849,0.07054,-0.34585,0.02120,
1724732994245123072,0.68802,0.35669,-0.34492,0.68468,0.66180,0.20660,0.22482,0.11403,-0.38574,-0.01206,
1724732994445177600,0.70391,0.27538,-0.34403,0.70390,0.64084,0.19275,0.23810,0.05461,-0.37210,-0.02820,
1724732994611844864,0.70616,0.21650,-0.34891,0.70936,0.63452,0.20082,0.23209,-0.00143,-0.29621,-0.04101,
1724732994811862784,0.69784,0.16026,-0.35613,0.69813,0.64615,0.19214,0.24121,-0.09531,-0.25401,-0.02547,
1724732995011863296,0.67324,0.11068,-0.35835,0.69114,0.65377,0.19815,0.23588,-0.14393,-0.24186,-0.01294,
1724732995211863552,0.64165,0.05688,-0.35669,0.68861,0.65705,0.19356,0.23798,-0.19168,-0.27686,-0.00889,
1724732995378495744,0.60536,0.00495,-0.35616,0.69145,0.65414,0.20183,0.23077,-0.21568,-0.29370,-0.02908,
1724732995578496000,0.56061,-0.05885,-0.35713,0.69214,0.65330,0.20596,0.22741,-0.23014,-0.29703,-0.02648,
1724732995778496256,0.51981,-0.11987,-0.35996,0.70666,0.63655,0.22112,0.21571,-0.17416,-0.26369,-0.00894,
1724732995945152512,0.49060,-0.15495,-0.36027,0.72369,0.61721,0.20636,0.22966,-0.18731,-0.14893,-0.01779,
1724732996145153024,0.44598,-0.17128,-0.36935,0.71969,0.62293,0.20577,0.22729,-0.27275,0.00052,-0.06031,
1724732996345127936,0.39058,-0.15694,-0.38006,0.71191,0.63193,0.20499,0.22766,-0.30406,0.12404,-0.03907,
1724732996545128704,0.33067,-0.12398,-0.38668,0.70685,0.63757,0.20134,0.23094,-0.32804,0.17548,-0.02559,
1724732996711795456,0.27680,-0.08383,-0.38595,0.70960,0.63416,0.20483,0.22881,-0.33606,0.23513,-0.00068,
1724732996911845376,0.20681,-0.02787,-0.38203,0.70997,0.63406,0.20330,0.22931,-0.37462,0.28513,0.00537,
1724732997111845632,0.13443,0.03990,-0.37771,0.71106,0.63371,0.20067,0.22920,-0.39651,0.33469,0.01850,
1724732997278512640,0.06866,0.09986,-0.37360,0.71425,0.63223,0.19956,0.22429,-0.41443,0.37643,0.01110,
1724732997478475520,-0.01396,0.18112,-0.36992,0.71799,0.63164,0.19402,0.21882,-0.42881,0.44921,0.00877,
1724732997678475776,-0.09926,0.27758,-0.36911,0.72341,0.62733,0.19599,0.21150,-0.44532,0.53413,-0.01533,
1724732997878479104,-0.17961,0.39817,-0.36812,0.72036,0.63141,0.18940,0.21569,-0.40880,0.65377,-0.01466,
1724732998045146112,-0.24475,0.51164,-0.37128,0.69986,0.65388,0.19675,0.20959,-0.38740,0.69579,-0.02555,
1724732998245146624,-0.30742,0.64526,-0.37159,0.68762,0.66487,0.20658,0.20602,-0.27623,0.64494,0.00701,
1724732998445147136,-0.34732,0.76797,-0.36571,0.68850,0.65968,0.20179,0.22375,-0.17662,0.59364,0.03156,
1724732998611814144,-0.36911,0.85995,-0.36058,0.68845,0.65579,0.21338,0.22458,-0.14971,0.53308,0.00211,
1724732998811770368,-0.38374,0.95988,-0.35798,0.69029,0.65002,0.23454,0.21441,-0.04802,0.49843,-0.00231,
1724732999011771136,-0.37620,1.05996,-0.35546,0.69868,0.63857,0.24411,0.21091,0.10535,0.53031,0.01249,
1724732999211771648,-0.34490,1.17064,-0.35050,0.69850,0.63863,0.23992,0.21606,0.20071,0.57600,0.01204,
1724732999378457600,-0.30496,1.27126,-0.34627,0.69956,0.63791,0.24268,0.21163,0.27487,0.61394,0.00362,
1724732999578457856,-0.23892,1.40331,-0.34231,0.70247,0.63593,0.24434,0.20597,0.39475,0.69144,0.02100,
1724732999778458368,-0.15047,1.54902,-0.33629,0.70145,0.63853,0.24038,0.20607,0.48175,0.75077,0.00803,
1724732999945100032,-0.06445,1.68152,-0.33094,0.69776,0.64332,0.23400,0.21101,0.56097,0.79113,0.00897,
1724733000145100288,0.05050,1.84127,-0.33054,0.69656,0.64513,0.23045,0.21333,0.58750,0.79715,-0.01507,
1724733000345117696,0.17399,2.00058,-0.33272,0.69465,0.64764,0.22197,0.22080,0.62326,0.80553,-0.01628,
1724733000545117952,0.30089,2.15705,-0.33481,0.68717,0.65655,0.20830,0.23098,0.61278,0.76598,-0.02765,
1724733000711784960,0.40107,2.27396,-0.33893,0.67998,0.66452,0.20364,0.23360,0.57073,0.68914,-0.02186,
1724733000911785728,0.51244,2.39415,-0.34545,0.67374,0.67110,0.20913,0.22797,0.54801,0.56033,-0.02281,
1724733001111786240,0.62156,2.48925,-0.35164,0.66693,0.67824,0.21016,0.22591,0.56367,0.42502,-0.02170,
1724733001278453248,0.71549,2.54486,-0.35601,0.66616,0.67925,0.21212,0.22330,0.58684,0.28447,-0.02801,
1724733001478453760,0.83576,2.58553,-0.35735,0.68146,0.66384,0.20777,0.22750,0.61547,0.16918,-0.00854,
1724733001678454272,0.95165,2.60880,-0.35842,0.69301,0.65161,0.19799,0.23652,0.55598,0.13954,-0.02543,
1724733001878383104,1.05038,2.61871,-0.36126,0.69319,0.65104,0.18107,0.25071,0.44742,0.10249,-0.02313,
1724733002045050112,1.10873,2.62055,-0.36049,0.68667,0.65699,0.16368,0.26467,0.28413,0.02431,0.00256,
1724733002245050368,1.13700,2.60110,-0.36316,0.68450,0.66007,0.17845,0.25282,0.06685,-0.06980,-0.02610,
1724733002445074432,1.13715,2.56775,-0.36663,0.67483,0.66964,0.19519,0.24102,-0.00782,-0.15580,-0.01161,
1724733002611741440,1.12945,2.52660,-0.36717,0.66877,0.67540,0.19866,0.23897,-0.03916,-0.27433,-0.00016,
1724733002811730944,1.11825,2.45689,-0.36391,0.67410,0.66972,0.20019,0.23875,-0.04846,-0.37584,0.01289,
1724733003011731200,1.10600,2.36954,-0.36248,0.67531,0.66864,0.20320,0.23575,-0.03794,-0.45086,0.01597,
1724733003211731712,1.09567,2.26886,-0.36552,0.67743,0.66635,0.20803,0.23190,-0.04548,-0.52796,-0.01237,
1724733003378398720,1.09341,2.17744,-0.37240,0.67908,0.66448,0.21403,0.22694,-0.02203,-0.56389,-0.02507,
1724733003578398976,1.10075,2.06362,-0.37716,0.68268,0.66020,0.22806,0.21463,0.09821,-0.56843,-0.00629,
1724733003778399488,1.12961,1.95264,-0.38123,0.68494,0.65901,0.21755,0.22188,0.18434,-0.54099,-0.02809,
1724733003945062656,1.16561,1.86210,-0.38604,0.67751,0.66773,0.21336,0.22269,0.23253,-0.55129,-0.03284,
1724733004145062912,1.21837,1.74744,-0.38532,0.67424,0.67223,0.20528,0.22666,0.28119,-0.59449,0.00630,
1724733004345054208,1.27901,1.62346,-0.37948,0.67317,0.67376,0.20523,0.22533,0.31478,-0.65064,0.02129,
1724733004545054720,1.34980,1.48649,-0.37523,0.67275,0.67433,0.20301,0.22686,0.34948,-0.72849,0.00384,
1724733004711721728,1.41473,1.36410,-0.37494,0.67423,0.67277,0.20261,0.22748,0.38643,-0.76168,-0.00423,
1724733004911721984,1.49711,1.20929,-0.37004,0.68488,0.66228,0.19098,0.23632,0.40283,-0.79367,0.02464,
1724733005111722496,1.57289,1.05340,-0.36736,0.69062,0.65694,0.17983,0.24317,0.33335,-0.78537,0.01209,
1724733005278389504,1.62205,0.92442,-0.36424,0.69185,0.65656,0.16897,0.24844,0.22295,-0.79054,-0.01903,
1724733005478336512,1.65434,0.76708,-0.36720,0.68957,0.65935,0.16666,0.24896,0.09095,-0.81369,-0.02055,
1724733005678337024,1.65737,0.60317,-0.37310,0.68955,0.66006,0.16931,0.24531,-0.04435,-0.85125,-0.03504,
1724733005878359296,1.63653,0.43321,-0.37844,0.68868,0.66150,0.17803,0.23758,-0.14370,-0.87547,-0.02922,
1724733006045026304,1.60354,0.29054,-0.38223,0.68661,0.66276,0.17850,0.23968,-0.20355,-0.90541,-0.01075,
1724733006245026816,1.55042,0.11258,-0.38495,0.69006,0.65752,0.18599,0.23852,-0.27708,-0.92256,-0.01547,
1724733006445027072,1.48304,-0.06481,-0.39116,0.69189,0.65407,0.19743,0.23344,-0.31669,-0.91445,-0.02702,
1724733006611694080,1.42538,-0.20841,-0.39712,0.69569,0.64938,0.20837,0.22561,-0.31879,-0.88086,-0.03047,
1724733006811694592,1.36450,-0.37201,-0.40576,0.70132,0.64260,0.22511,0.21103,-0.24765,-0.79787,-0.02103,
1724733007011689728,1.32317,-0.51249,-0.41167,0.70489,0.63850,0.22368,0.21309,-0.14167,-0.67899,-0.01024,
1724733007211690240,1.29930,-0.62382,-0.41400,0.70608,0.63768,0.22299,0.21236,-0.05718,-0.54725,-0.01053,
1724733007378359040,1.29439,-0.69793,-0.41255,0.70623,0.63827,0.21683,0.21643,0.00707,-0.45035,-0.00037,
1724733007578359552,1.29991,-0.77057,-0.41076,0.71053,0.63419,0.21269,0.21842,0.04011,-0.33825,-0.00718,
1724733007778359808,1.30741,-0.82626,-0.41481,0.71467,0.63019,0.20192,0.22658,0.03266,-0.22722,-0.02437,
1724733007944975360,1.30859,-0.84841,-0.41569,0.71664,0.62833,0.19305,0.23315,-0.02831,-0.11388,-0.03718,
1724733008144975872,1.29358,-0.85895,-0.42227,0.70784,0.63784,0.19285,0.23438,-0.10914,-0.03633,-0.04057,
1724733008344973568,1.26634,-0.86178,-0.42650,0.70655,0.63873,0.19419,0.23474,-0.17272,0.00705,-0.02322,
1724733008544974080,1.22630,-0.85807,-0.42425,0.70095,0.64372,0.18710,0.24349,-0.25841,0.03681,-0.00936,
1724733008711641088,1.17664,-0.85543,-0.42441,0.70173,0.64361,0.19189,0.23772,-0.32805,0.03535,-0.00505,
1724733008911641344,1.10674,-0.84806,-0.41726,0.70390,0.64197,0.19534,0.23290,-0.36849,0.06381,0.02280,
1724733009111641856,1.02850,-0.83275,-0.40934,0.70983,0.63576,0.19814,0.22953,-0.41495,0.10810,0.00100,
1724733009278308864,0.95903,-0.81079,-0.40544,0.71292,0.63221,0.19935,0.22873,-0.43726,0.16964,0.00016,
1724733009478300928,0.86767,-0.76891,-0.40178,0.71160,0.63400,0.19261,0.23359,-0.49064,0.24433,0.00510,
1724733009678301696,0.76353,-0.71340,-0.39711,0.71278,0.63313,0.19665,0.22897,-0.52816,0.30851,0.03663,
1724733009878323456,0.65042,-0.64467,-0.39209,0.71335,0.63227,0.19881,0.22767,-0.58438,0.37446,0.01900,
1724733010044990464,0.54870,-0.57795,-0.39045,0.71419,0.63124,0.19815,0.22850,-0.62031,0.43029,0.01632,
1724733010244990720,0.41850,-0.48754,-0.38765,0.71417,0.63173,0.19612,0.22893,-0.67488,0.48974,0.00099,
1724733010444964352,0.27736,-0.38506,-0.38650,0.71582,0.63166,0.19636,0.22371,-0.71349,0.55387,0.00487,
1724733010611631360,0.15544,-0.28847,-0.38653,0.71487,0.63420,0.19825,0.21783,-0.72403,0.61988,-0.01010,
1724733010811631616,0.01071,-0.15846,-0.38648,0.71467,0.63434,0.19484,0.22113,-0.72132,0.68477,0.00820,
1724733011011610112,-0.13577,-0.01439,-0.38344,0.71037,0.63808,0.18832,0.22971,-0.73047,0.76079,0.02685,
1724733011211610368,-0.28588,0.13877,-0.37969,0.70770,0.64101,0.19421,0.22486,-0.75097,0.78136,0.01648,
1724733011378205184,-0.40865,0.27114,-0.37376,0.71048,0.63701,0.19124,0.22991,-0.74431,0.81453,0.03498,
1724733011578205952,-0.55988,0.43690,-0.37110,0.71168,0.63385,0.19155,0.23462,-0.78733,0.85606,-0.01351,
1724733011778206464,-0.71410,0.61183,-0.36676,0.70579,0.63672,0.19734,0.23982,-0.79428,0.88571,0.01189,
1724733011944948480,-0.84527,0.75933,-0.35905,0.71272,0.62650,0.20032,0.24374,-0.80939,0.90281,0.03241,
1724733012144948992,-1.00986,0.94454,-0.35123,0.71461,0.62500,0.19940,0.24280,-0.85735,0.95587,0.02679,
1724733012344920320,-1.17906,1.14156,-0.34905,0.70303,0.63920,0.22990,0.21053,-0.82264,1.01765,-0.01312,
1724733012544920832,-1.32233,1.34341,-0.33903,0.68831,0.65472,0.23950,0.20055,-0.61615,0.98797,0.07188,
1724733012711587840,-1.41143,1.50773,-0.32600,0.69241,0.64947,0.25070,0.18948,-0.43524,0.98424,0.07238,
1724733012911576832,-1.47594,1.70611,-0.31149,0.69805,0.64472,0.24197,0.19626,-0.21570,0.99299,0.04470,
1724733013111576832,-1.50528,1.91024,-0.30303,0.70070,0.64227,0.23865,0.19887,-0.04905,1.01456,0.03061,
1724733013278243840,-1.50061,2.08031,-0.29867,0.70478,0.63535,0.26099,0.17751,0.10336,1.03110,0.03257,
1724733013478239232,-1.45207,2.30795,-0.29016,0.70562,0.63344,0.26100,0.18094,0.43413,1.19025,0.05544,
1724733013678239488,-1.35677,2.55012,-0.28424,0.67923,0.66695,0.22023,0.21290,0.54737,1.14117,0.03290,
1724733013878238464,-1.24755,2.76868,-0.28296,0.67303,0.67303,0.22500,0.20843,0.60925,0.99704,0.00747,
1724733014044905472,-1.13732,2.92131,-0.28331,0.63342,0.71044,0.23071,0.20207,0.73502,0.80596,0.03357,
1724733014244905728,-0.97246,3.04088,-0.26724,0.62730,0.71848,0.20723,0.21759,0.89523,0.36692,0.08491,
1724733014444922880,-0.78736,3.08480,-0.25564,0.66913,0.67917,0.20540,0.22092,0.95059,0.11810,0.04501,
1724733014611589888,-0.62632,3.09009,-0.25467,0.69475,0.65317,0.18924,0.23428,0.88235,0.04997,-0.02233,
1724733014811590144,-0.45624,3.08667,-0.26689,0.70053,0.64715,0.18768,0.23503,0.75170,0.02569,-0.06426,
1724733015011566080,-0.31199,3.07481,-0.28433,0.70516,0.64138,0.19120,0.23415,0.62688,0.04543,-0.08542,
1724733015211566592,-0.19360,3.06011,-0.30383,0.69197,0.65530,0.20010,0.22740,0.53653,0.03965,-0.06156,
1724733015378233600,-0.10336,3.04937,-0.31069,0.68781,0.65942,0.20243,0.22607,0.51634,0.01143,-0.01499,
1724733015578233856,-0.00084,3.03476,-0.31356,0.68516,0.66176,0.20906,0.22117,0.50622,-0.03117,0.00634,
1724733015778234368,0.09655,3.01048,-0.30968,0.68501,0.66089,0.20820,0.22505,0.49743,-0.08166,0.00511,
1724733015944901888,0.17464,2.98639,-0.30720,0.68551,0.66001,0.20349,0.23034,0.46642,-0.12392,-0.00701,
1724733016144901888,0.26550,2.94860,-0.31500,0.68464,0.66032,0.19892,0.23595,0.42478,-0.17157,-0.01623,
1724733016344902400,0.34688,2.90659,-0.32476,0.68389,0.66092,0.20749,0.22897,0.39059,-0.20509,-0.01987,
1724733016544902912,0.42946,2.86489,-0.33195,0.68726,0.65703,0.20845,0.22921,0.39047,-0.22555,-0.00726,
1724733016711569664,0.49823,2.82768,-0.33596,0.68409,0.66044,0.21119,0.22635,0.38150,-0.23712,-0.02591,
1724733016911471616,0.58224,2.77853,-0.33840,0.67727,0.66881,0.20836,0.22490,0.41451,-0.27198,-0.02032,
1724733017111471872,0.67175,2.71741,-0.34047,0.67627,0.67244,0.19333,0.23045,0.41497,-0.34126,0.00254,
1724733017278138880,0.74287,2.65501,-0.34164,0.68504,0.66552,0.18885,0.22836,0.37622,-0.39468,-0.01681,
1724733017478208000,0.81382,2.57421,-0.34483,0.70536,0.65236,0.18122,0.20990,0.31064,-0.40043,-0.02743,
1724733017678208256,0.86979,2.50291,-0.35183,0.71625,0.65382,0.16402,0.18057,0.27975,-0.31870,-0.02089,
1724733017878196736,0.91700,2.44919,-0.35864,0.72236,0.65970,0.13540,0.15704,0.22083,-0.23292,-0.02472,
1724733018044863744,0.94848,2.41572,-0.36319,0.72479,0.66547,0.11774,0.13404,0.18552,-0.17826,-0.00696,
1724733018244864256,0.98134,2.38711,-0.36539,0.72510,0.67302,0.09643,0.10942,0.14698,-0.12092,-0.00589,
1724733018444864512,1.01210,2.36525,-0.36582,0.72086,0.68277,0.07484,0.09270,0.13323,-0.10198,0.00267,
1724733018611531520,1.03730,2.34791,-0.36268,0.71787,0.68717,0.06820,0.08844,0.12200,-0.11440,0.01894,
1724733018811532032,1.06432,2.32009,-0.35835,0.71822,0.68750,0.06082,0.08834,0.07541,-0.15510,0.01122,
1724733019011500288,1.07956,2.28793,-0.35906,0.71721,0.68892,0.05513,0.08922,0.00451,-0.17650,-0.02061,
1724733019211500544,1.07674,2.24973,-0.36289,0.71814,0.68807,0.05132,0.09056,-0.07326,-0.21383,-0.02562,
1724733019378188800,1.06504,2.21546,-0.36494,0.71825,0.68764,0.05041,0.09337,-0.13148,-0.22694,-0.01864,
1724733019578189056,1.03151,2.17339,-0.36645,0.72063,0.68478,0.05608,0.09285,-0.21693,-0.23994,-0.01837,
1724733019778189824,0.98531,2.12206,-0.37000,0.71966,0.68502,0.05679,0.09799,-0.29120,-0.24956,-0.03337,
1724733019944880384,0.93495,2.08909,-0.36723,0.71955,0.68449,0.05720,0.10223,-0.34740,-0.24360,-0.02080,
1724733020144880640,0.85922,2.04829,-0.36511,0.71573,0.68756,0.05594,0.10896,-0.42320,-0.25111,-0.01588,
1724733020344881152,0.76606,1.99120,-0.36968,0.69926,0.70364,0.05584,0.11315,-0.50250,-0.32548,-0.00774,
1724733020544833024,0.65634,1.91939,-0.36399,0.69539,0.70715,0.05429,0.11586,-0.58691,-0.48462,-0.00262,
1724733020711500032,0.55305,1.83673,-0.35974,0.70312,0.69994,0.06419,0.10766,-0.62081,-0.58264,-0.00383,
1724733020911512064,0.42892,1.71857,-0.36005,0.71894,0.68375,0.09235,0.08415,-0.57825,-0.62203,-0.02835,
1724733021111512832,0.32727,1.60148,-0.36317,0.70982,0.69323,0.09476,0.08126,-0.43790,-0.60921,-0.01466,
1724733021278179840,0.26338,1.49727,-0.36155,0.70803,0.69555,0.09165,0.08069,-0.32523,-0.67550,0.00864,
1724733021478180096,0.21086,1.36011,-0.36159,0.71259,0.69000,0.11272,0.05836,-0.15130,-0.70924,0.00310,
1724733021678180608,0.20817,1.21749,-0.35679,0.71403,0.68957,0.10228,0.06477,0.10054,-0.73045,0.03665,
1724733021878176000,0.23676,1.06621,-0.35056,0.71573,0.68942,0.06747,0.08879,0.19221,-0.76009,0.03712,
1724733022044843008,0.26064,0.93372,-0.34443,0.73172,0.67335,0.05450,0.09066,0.17137,-0.75068,0.03170,
1724733022244843520,0.28332,0.78400,-0.33771,0.74555,0.65906,0.04503,0.08808,0.11186,-0.65726,0.02605,
1724733022444819968,0.29372,0.66066,-0.33681,0.74580,0.66007,0.04468,0.07809,0.06794,-0.52441,0.03172,
1724733022611486976,0.29883,0.57833,-0.33598,0.74113,0.66591,0.04256,0.07400,0.03951,-0.43349,0.03808,
1724733022811487232,0.29986,0.49737,-0.33394,0.74291,0.66436,0.04702,0.06711,0.00562,-0.35659,0.00464,
1724733023011495936,0.30242,0.43619,-0.33920,0.74032,0.66542,0.05725,0.07659,0.01610,-0.25534,-0.07425,
1724733023211496448,0.30720,0.39073,-0.36323,0.73172,0.67117,0.07554,0.09168,0.02122,-0.21129,-0.13573,
1724733023378159360,0.31370,0.35774,-0.38710,0.72583,0.67288,0.09301,0.10839,0.03569,-0.20596,-0.11964,
1724733023578159616,0.32499,0.31384,-0.41257,0.71809,0.67371,0.11587,0.13055,0.05310,-0.23131,-0.10626,
1724733023778159872,0.33913,0.27143,-0.43478,0.71414,0.66753,0.13524,0.16161,0.05676,-0.23848,-0.08182,
1724733023944811776,0.34938,0.23520,-0.45328,0.71257,0.65881,0.15999,0.18062,0.02773,-0.24218,-0.09357,
1724733024144812288,0.36175,0.19459,-0.47265,0.71049,0.64574,0.18461,0.21011,0.05806,-0.20558,-0.05740,
1724733024344812288,0.37115,0.16580,-0.48887,0.70281,0.63720,0.21139,0.23525,0.02450,-0.15909,-0.05596,
1724733024544806144,0.37554,0.14391,-0.50003,0.69425,0.62815,0.23869,0.25782,0.01634,-0.09747,-0.04688,
1724733024711473152,0.37623,0.13519,-0.50318,0.69103,0.62401,0.25078,0.26495,0.00106,-0.07290,0.01045,
1724733024911486976,0.37734,0.12158,-0.49860,0.67036,0.64460,0.25352,0.26616,0.04056,-0.06045,0.04045,
1724733025111487488,0.38709,0.09989,-0.49035,0.68517,0.62834,0.26527,0.25565,0.09914,-0.05415,0.04139,
1724733025278154496,0.40279,0.08332,-0.48824,0.68654,0.62731,0.26291,0.25697,0.15007,-0.00655,0.02165,
1724733025478121984,0.42862,0.07150,-0.49277,0.68544,0.62936,0.25508,0.26270,0.16167,0.02198,-0.00528,
1724733025678122496,0.46436,0.07660,-0.49452,0.68330,0.63195,0.24879,0.26804,0.17556,0.05816,0.00053,
1724733025878101760,0.48914,0.06516,-0.50285,0.67357,0.64276,0.22372,0.28829,0.10451,-0.00807,0.00290,
1724733026044768768,0.49323,0.04187,-0.50710,0.67637,0.64663,0.22389,0.27250,0.00772,-0.09885,0.07014,
1724733026244769024,0.48755,0.01012,-0.49629,0.68378,0.64976,0.21615,0.25207,-0.03338,-0.15011,0.09957,
1724733026444782336,0.48073,-0.02741,-0.49046,0.68889,0.65019,0.21161,0.24063,-0.05553,-0.16395,0.00411,
1724733026611449600,0.47730,-0.06049,-0.50084,0.69410,0.64607,0.21809,0.23075,-0.05296,-0.15209,-0.03353,
1724733026811449856,0.48138,-0.09462,-0.51330,0.69554,0.64635,0.21917,0.22454,-0.00342,-0.11202,-0.00375,
1724733027011457280,0.49390,-0.11883,-0.52229,0.69763,0.64624,0.21088,0.22631,0.01506,-0.08967,-0.01299,
1724733027211457536,0.49884,-0.13368,-0.51426,0.69679,0.64778,0.21175,0.22367,0.03309,-0.05743,0.10584,
1724733027378124544,0.51738,-0.14042,-0.50071,0.69481,0.64972,0.20707,0.22852,0.04920,-0.02890,0.09260,
1724733027578125056,0.52764,-0.14605,-0.49361,0.69100,0.65391,0.20673,0.22843,0.04521,-0.03461,-0.00550,
1724733027778125312,0.53433,-0.15290,-0.49292,0.69457,0.65006,0.20861,0.22688,0.02518,-0.04362,0.04096,
1724733027944731392,0.54161,-0.15649,-0.46712,0.69367,0.65021,0.20748,0.23023,0.04123,-0.02744,0.25178,
1724733028144731904,0.54842,-0.16171,-0.40256,0.68944,0.65457,0.20949,0.22873,0.03862,-0.04151,0.33653,
1724733028344732160,0.55689,-0.17062,-0.35211,0.69055,0.65315,0.20930,0.22965,0.05450,-0.06713,0.12199,
1724733028544732672,0.57937,-0.16436,-0.35141,0.70511,0.63771,0.20280,0.23454,0.04784,-0.03411,-0.06601,
1724733028711399680,0.58486,-0.16558,-0.36237,0.71078,0.63233,0.20089,0.23364,0.00338,0.04009,-0.04355,
1724733028911400192,0.57852,-0.14036,-0.36534,0.70323,0.64200,0.19924,0.23155,-0.03457,0.11008,-0.00899,
1724733029111400448,0.56624,-0.11259,-0.36055,0.70548,0.63982,0.20262,0.22777,-0.04528,0.17201,0.03820,
1724733029278067456,0.55854,-0.08174,-0.34964,0.70643,0.63815,0.19586,0.23526,-0.07935,0.21149,0.04271,
1724733029478007040,0.53737,-0.03626,-0.33639,0.70836,0.63580,0.19615,0.23560,-0.14129,0.26576,0.06368,
1724733029678007296,0.50663,0.01956,-0.31840,0.70840,0.63575,0.19481,0.23673,-0.19385,0.31817,0.06784,
1724733029878007808,0.46475,0.08913,-0.30642,0.70985,0.63430,0.20310,0.22920,-0.22236,0.39367,0.04543,
1724733030044663808,0.42823,0.15707,-0.29619,0.70666,0.63681,0.19696,0.23730,-0.24683,0.43959,0.02599,
1724733030244664064,0.37910,0.24708,-0.29254,0.68372,0.65923,0.21695,0.22556,-0.23967,0.45943,0.00628,
1724733030444664576,0.34757,0.33203,-0.28702,0.68087,0.65676,0.24587,0.21124,-0.06714,0.41008,0.04601,
1724733030611331584,0.35297,0.40329,-0.27721,0.68633,0.64696,0.25223,0.21627,0.10661,0.44392,0.04886,
1724733030811331840,0.38914,0.49070,-0.26963,0.68625,0.64524,0.24112,0.23364,0.21695,0.43806,0.02102,
1724733031011335168,0.44156,0.57437,-0.26472,0.68861,0.64092,0.24247,0.23715,0.27249,0.43238,0.00788,
1724733031211335680,0.50427,0.66185,-0.26301,0.68943,0.63781,0.24539,0.24014,0.32075,0.45863,-0.00277,
1724733031378002688,0.55948,0.73733,-0.26446,0.68798,0.64028,0.24484,0.23827,0.32167,0.46165,-0.03529,
1724733031578002944,0.62938,0.83219,-0.26789,0.69011,0.64111,0.23451,0.24028,0.35365,0.47649,-0.01762,
1724733031778003456,0.69881,0.92683,-0.27141,0.69088,0.64476,0.22435,0.23801,0.33282,0.46762,-0.02105,
1724733031944690688,0.75138,1.00863,-0.27085,0.70016,0.63726,0.21485,0.23983,0.31124,0.48838,-0.00325,
1724733032144690944,0.80338,1.11611,-0.26818,0.72216,0.61377,0.19429,0.25305,0.20316,0.57079,0.01031,
1724733032344691456,0.82119,1.24958,-0.26803,0.74018,0.59255,0.19155,0.25363,-0.01800,0.76096,-0.03366,
1724733032544673280,0.79895,1.42209,-0.27594,0.72764,0.60729,0.19862,0.24960,-0.19382,0.94410,-0.04271,
1724733032711340288,0.75930,1.58801,-0.28383,0.69327,0.64576,0.21104,0.24049,-0.26907,1.00967,-0.03202,
1724733032911311104,0.70966,1.78004,-0.28779,0.66734,0.67211,0.22504,0.22865,-0.20469,0.86726,-0.00448,
1724733033111311104,0.67886,1.93945,-0.28456,0.66540,0.67361,0.21769,0.23686,-0.12355,0.71450,0.02430,
1724733033277978112,0.65965,2.04980,-0.28087,0.66705,0.67266,0.21311,0.23908,-0.09541,0.57357,-0.00043,
1724733033477987840,0.64246,2.14844,-0.28092,0.67119,0.66903,0.21621,0.23486,-0.05074,0.43123,-0.01499,
1724733033677988096,0.63368,2.22223,-0.28200,0.67174,0.66837,0.19689,0.25156,-0.04087,0.31564,-0.01051,
1724733033877988608,0.61599,2.26620,-0.28383,0.66934,0.67100,0.17671,0.26556,-0.13450,0.15390,-0.01659,
1724733034044633344,0.58470,2.28118,-0.28776,0.67784,0.66274,0.18492,0.25907,-0.24436,0.02552,-0.02581,
1724733034244633600,0.52652,2.27486,-0.28804,0.68152,0.65811,0.19013,0.25744,-0.32771,-0.04367,-0.00364,
1724733034444648704,0.44827,2.25055,-0.28485,0.68148,0.65762,0.18926,0.25944,-0.42585,-0.13632,-0.00064,
1724733034611315712,0.36967,2.21702,-0.28534,0.67873,0.66043,0.19022,0.25880,-0.50148,-0.21835,0.01963,
1724733034811316224,0.26021,2.15895,-0.27703,0.68268,0.65640,0.19092,0.25815,-0.59260,-0.29931,0.00137,
1724733035011296000,0.12890,2.08454,-0.26746,0.67851,0.66049,0.18600,0.26226,-0.65819,-0.38349,0.02068,
1724733035211296768,-0.01802,1.99823,-0.26315,0.67878,0.66000,0.18774,0.26156,-0.75518,-0.47481,0.01695,
1724733035377963776,-0.15299,1.91395,-0.26385,0.67939,0.65928,0.22370,0.23184,-0.76982,-0.52299,-0.01152,
1724733035577964032,-0.29511,1.80664,-0.26457,0.66307,0.67345,0.24498,0.21631,-0.58336,-0.56068,0.03353,
1724733035777964544,-0.39315,1.68520,-0.26108,0.66698,0.66985,0.23973,0.22129,-0.39112,-0.65076,0.01355,
1724733035944613632,-0.44771,1.57552,-0.26325,0.66887,0.66696,0.25255,0.20974,-0.24755,-0.68036,-0.01810,
1724733036144614144,-0.46930,1.43677,-0.26519,0.67057,0.66538,0.25272,0.20915,0.01702,-0.70772,0.01922,
1724733036344614656,-0.43766,1.29604,-0.26273,0.67638,0.66155,0.24101,0.21628,0.20261,-0.70028,-0.01679,
1724733036544600320,-0.37311,1.15348,-0.26783,0.66431,0.67598,0.23182,0.21911,0.34373,-0.74572,-0.02880,
1724733036711267328,-0.29520,1.02461,-0.26912,0.66600,0.67478,0.22695,0.22273,0.44448,-0.83337,-0.01506,
1724733036911260928,-0.18730,0.85624,-0.27229,0.67677,0.66157,0.23500,0.22154,0.56164,-0.86080,-0.02764,
1724733037111261184,-0.05725,0.68736,-0.27515,0.67950,0.65777,0.22778,0.23183,0.67718,-0.84173,-0.02012,
1724733037277928192,0.06302,0.54979,-0.27403,0.69177,0.64405,0.22336,0.23826,0.71558,-0.82391,-0.00668,
1724733037477923584,0.20883,0.39908,-0.27636,0.70647,0.62820,0.21793,0.24243,0.69061,-0.70034,-0.05736,
1724733037677924096,0.34755,0.27307,-0.28855,0.70282,0.63464,0.22536,0.22911,0.68468,-0.57549,-0.05329,
1724733037877924096,0.48960,0.17340,-0.29099,0.70295,0.63501,0.22692,0.22611,0.70482,-0.46131,-0.03074,
1724733038044624896,0.61220,0.10767,-0.29918,0.70760,0.62649,0.25643,0.20260,0.78816,-0.31954,-0.01551,
1724733038244625408,0.78616,0.06389,-0.29666,0.69739,0.63825,0.23404,0.22695,0.91978,-0.14334,0.01711,
1724733038444604672,0.96325,0.03815,-0.29566,0.69135,0.64663,0.20531,0.24850,0.85694,-0.11752,0.00186,
1724733038611271680,1.09624,0.01930,-0.29813,0.68562,0.65349,0.18398,0.26273,0.73725,-0.14084,-0.00631,
1724733038811272192,1.22443,-0.01264,-0.30141,0.69688,0.64319,0.18755,0.25591,0.56964,-0.18370,-0.01801,
1724733039011261440,1.32014,-0.04213,-0.30966,0.70492,0.63404,0.18863,0.25595,0.42375,-0.12699,-0.03300,
1724733039211261952,1.38661,-0.06090,-0.32351,0.70041,0.63829,0.19793,0.25066,0.28641,-0.05651,-0.04313,
1724733039377928960,1.41799,-0.06309,-0.33050,0.69736,0.64045,0.20435,0.24851,0.19058,-0.03397,-0.02558,
1724733039577941504,1.43489,-0.05991,-0.33670,0.69510,0.64245,0.21338,0.24198,0.11633,-0.00514,-0.00475,
1724733039777941760,1.44923,-0.05400,-0.34243,0.68444,0.65296,0.22556,0.23304,0.11411,0.03447,-0.01458,
1724733039944609024,1.46409,-0.04750,-0.34533,0.68019,0.65665,0.23776,0.22275,0.16681,0.01121,-0.00426,
1724733040144609536,1.50438,-0.04709,-0.34554,0.68523,0.65126,0.23534,0.22569,0.26167,0.00809,0.00566,
1724733040344609792,1.55903,-0.04573,-0.34629,0.68901,0.64750,0.22837,0.23207,0.31246,0.02756,0.00311,
1724733040544591360,1.62137,-0.03747,-0.34820,0.68926,0.64797,0.23057,0.22780,0.34966,0.05914,-0.00747,
1724733040711258368,1.67985,-0.02610,-0.35223,0.69226,0.64508,0.23050,0.22699,0.38382,0.09368,-0.01193,
1724733040911258368,1.75654,-0.00218,-0.35817,0.69280,0.64491,0.22662,0.22968,0.41542,0.14199,-0.02223,
1724733041111206656,1.83345,0.02943,-0.36030,0.68978,0.64910,0.21155,0.24110,0.39463,0.15351,-0.01367,
1724733041277873664,1.89403,0.05296,-0.35973,0.70257,0.63549,0.19424,0.25458,0.29259,0.15410,-0.00829,
1724733041477873920,1.93270,0.09108,-0.36070,0.70952,0.62815,0.19471,0.25319,0.14047,0.22400,-0.03755,
1724733041677874688,1.94552,0.14336,-0.36442,0.70915,0.62905,0.20141,0.24665,0.02170,0.29892,-0.00783,
1724733041877875200,1.93450,0.21026,-0.36605,0.70961,0.62852,0.20403,0.24451,-0.10833,0.36379,-0.03680,
1724733042044554496,1.92021,0.28062,-0.36725,0.71008,0.62790,0.20945,0.24013,-0.14337,0.45011,-0.00988,
1724733042244554752,1.88990,0.37888,-0.37336,0.70738,0.63089,0.20604,0.24316,-0.22951,0.50185,-0.03769,
1724733042444529152,1.84022,0.48855,-0.37814,0.70786,0.63069,0.20726,0.24128,-0.29557,0.56140,-0.01884,
1724733042611196160,1.79028,0.58938,-0.37898,0.71027,0.62827,0.20659,0.24108,-0.35157,0.61455,-0.02150,
1724733042811196672,1.71707,0.72305,-0.38197,0.70639,0.63352,0.20798,0.23753,-0.40245,0.67902,-0.02066,
1724733043011208192,1.64113,0.86667,-0.38335,0.70757,0.63287,0.21182,0.23226,-0.40246,0.73328,0.00161,
1724733043211208704,1.55976,1.02017,-0.38329,0.70797,0.63269,0.20529,0.23736,-0.45695,0.78627,-0.01292,
1724733043377875456,1.48434,1.15600,-0.38312,0.69726,0.64428,0.21189,0.23202,-0.45565,0.81977,-0.01879,
1724733043577858560,1.39984,1.31624,-0.38122,0.67253,0.67061,0.20872,0.23328,-0.39275,0.74831,0.00797,
1724733043777858816,1.32543,1.44911,-0.37103,0.67144,0.67156,0.18465,0.25314,-0.39438,0.57037,0.02019,
1724733043944507392,1.25554,1.53410,-0.36728,0.67471,0.66769,0.18942,0.25116,-0.43231,0.45256,-0.00602,
1724733044144507904,1.16436,1.61017,-0.36294,0.67653,0.66420,0.19094,0.25433,-0.47646,0.31717,-0.00113,
1724733044344508160,1.06272,1.66217,-0.35860,0.67858,0.66001,0.18761,0.26216,-0.53987,0.22703,-0.00726,
1724733044544497152,0.94810,1.68980,-0.35550,0.67974,0.65863,0.19555,0.25676,-0.59757,0.13225,-0.02049,
1724733044711164160,0.84626,1.69663,-0.34877,0.68093,0.65761,0.18975,0.26054,-0.64250,0.05149,0.01589,
1724733044911164928,0.71636,1.68537,-0.33699,0.68260,0.65727,0.19528,0.25281,-0.68818,-0.01263,0.04445,
1724733045111182336,0.58229,1.65523,-0.31958,0.67942,0.66062,0.19814,0.25044,-0.69033,-0.07983,0.06224,
1724733045277849344,0.47154,1.62371,-0.30184,0.68207,0.65658,0.20244,0.25040,-0.70057,-0.13756,0.07271,
1724733045477821952,0.33446,1.58048,-0.28404,0.68212,0.65434,0.20576,0.25340,-0.71647,-0.18361,0.05961,
1724733045677822208,0.19103,1.52574,-0.27634,0.67763,0.65746,0.19936,0.26233,-0.74233,-0.25034,0.05472,
1724733045877822464,0.03891,1.45829,-0.26806,0.66979,0.66461,0.19111,0.27046,-0.80473,-0.37310,0.05133,
1724733046044500224,-0.09818,1.38519,-0.26844,0.67021,0.66469,0.22061,0.24562,-0.81483,-0.46996,0.02948,
1724733046244500224,-0.24907,1.28559,-0.26408,0.67202,0.66135,0.24611,0.22457,-0.64713,-0.52263,0.07763,
1724733046444527616,-0.36281,1.18546,-0.25222,0.70262,0.62592,0.26850,0.20606,-0.46398,-0.45368,0.06888,
1724733046611194624,-0.42376,1.12797,-0.24922,0.71318,0.60513,0.31196,0.16698,-0.19235,-0.22059,0.05136,
1724733046811194880,-0.42209,1.12314,-0.24171,0.70939,0.60731,0.31823,0.16332,0.27891,0.14674,0.07572,
1724733047011167488,-0.34475,1.17893,-0.23408,0.70865,0.61434,0.28902,0.19199,0.56368,0.38636,0.04561,
1724733047211168000,-0.21365,1.27401,-0.22716,0.70209,0.62460,0.28019,0.19607,0.78114,0.55592,0.02478,
1724733047377835008,-0.09399,1.37312,-0.22975,0.68836,0.64434,0.23823,0.23288,0.85153,0.62296,0.00802,
1724733047577842432,0.04414,1.48515,-0.23868,0.65404,0.68123,0.22596,0.23895,0.81447,0.48396,-0.00330,
1724733047777842944,0.16735,1.55143,-0.23914,0.64481,0.69286,0.19720,0.25551,0.78631,0.20249,0.02916,
1724733047944502272,0.24191,1.56189,-0.24226,0.65907,0.68023,0.19292,0.25632,0.68082,-0.01958,0.01358,
1724733048144502528,0.33750,1.54240,-0.24755,0.67601,0.66294,0.19694,0.25444,0.54140,-0.14651,-0.01837,
1724733048344503296,0.43160,1.50482,-0.26422,0.67969,0.65797,0.19735,0.25720,0.42883,-0.23040,-0.02987,
1724733048544496896,0.50359,1.45084,-0.27750,0.68751,0.64858,0.19663,0.26080,0.29211,-0.26175,-0.06501,
1724733048711163904,0.54022,1.40217,-0.28880,0.68375,0.65109,0.19459,0.26590,0.16912,-0.29901,-0.07029,
1724733048911164416,0.56124,1.33620,-0.29782,0.67692,0.65634,0.19335,0.27131,0.03914,-0.35965,-0.04998,
1724733049111138816,0.55477,1.24959,-0.30794,0.67365,0.65794,0.19599,0.27368,-0.11921,-0.48509,-0.07527,
1724733049277805824,0.53053,1.16250,-0.31735,0.67545,0.65368,0.20708,0.27126,-0.20374,-0.56776,-0.06085,
1724733049477833472,0.48811,1.04289,-0.32579,0.68862,0.63675,0.25031,0.24021,-0.21156,-0.58969,-0.04917,
1724733049677833728,0.46766,0.93575,-0.33186,0.69139,0.63116,0.27325,0.22124,-0.03082,-0.47575,-0.01090,
1724733049877834240,0.48742,0.85592,-0.33350,0.69953,0.62253,0.27310,0.22031,0.18816,-0.29835,0.00446,
1724733050044519936,0.53173,0.81412,-0.32928,0.69606,0.62987,0.23693,0.25026,0.28847,-0.20059,0.01518,
1724733050244520448,0.59109,0.77964,-0.33032,0.69667,0.63141,0.22876,0.25227,0.26359,-0.13055,-0.01335,
1724733050444527360,0.64278,0.75867,-0.32865,0.69553,0.63290,0.21984,0.25950,0.24056,-0.08932,0.02005,
1724733050611194368,0.67731,0.74948,-0.32409,0.69764,0.63040,0.20997,0.26798,0.13865,-0.05897,0.00367,
1724733050811194880,0.69753,0.74281,-0.32225,0.68869,0.64096,0.21290,0.26373,0.03880,-0.05080,0.00768,
1724733051011138304,0.70012,0.73188,-0.31851,0.69501,0.63563,0.21122,0.26139,-0.04905,-0.08339,0.01247,
1724733051211139072,0.68395,0.72182,-0.32039,0.70036,0.63145,0.21742,0.25200,-0.13773,-0.03210,-0.01591,
1724733051377805824,0.65866,0.71909,-0.32273,0.70549,0.62719,0.21847,0.24734,-0.18773,0.02237,-0.02058,
1724733051577790464,0.61981,0.73546,-0.32571,0.71290,0.62099,0.21242,0.24704,-0.24403,0.10766,-0.00631,
1724733051777790976,0.56301,0.77237,-0.33190,0.71132,0.62452,0.21696,0.23857,-0.33834,0.25085,-0.07318,
1724733051944457984,0.51157,0.81704,-0.34244,0.67064,0.66872,0.23318,0.22061,-0.29048,0.24454,-0.02698,
1724733052144458240,0.47218,0.85325,-0.33989,0.67120,0.66851,0.23111,0.22176,-0.14696,0.12350,0.01065,
1724733052344458752,0.45483,0.86989,-0.33868,0.67304,0.66633,0.22787,0.22605,-0.05044,0.04690,-0.00501,
1724733052544464640,0.45459,0.87322,-0.34641,0.67571,0.66291,0.22744,0.22855,0.03729,-0.01614,-0.11377,
1724733052711131648,0.46426,0.86676,-0.36571,0.68118,0.65653,0.22799,0.23017,0.08237,-0.04599,-0.12936,
1724733052911131904,0.48725,0.85318,-0.39857,0.68457,0.65263,0.22485,0.23425,0.13257,-0.08400,-0.19359,
1724733053111067648,0.52081,0.83527,-0.43341,0.69507,0.64017,0.22051,0.24173,0.15871,-0.06616,-0.20266,
1724733053277734656,0.54502,0.83083,-0.47500,0.69601,0.63827,0.22004,0.24448,0.13857,-0.01955,-0.25437,
1724733053477735168,0.57130,0.82674,-0.52350,0.69383,0.64058,0.21572,0.24844,0.09969,0.01868,-0.24038,
1724733053677735680,0.58547,0.83257,-0.57049,0.69293,0.64215,0.21374,0.24862,0.05898,0.03855,-0.25364,
1724733053877735936,0.58987,0.83623,-0.61919,0.69125,0.64422,0.21405,0.24764,0.03121,0.05718,-0.24720,
1724733054044374016,0.59038,0.84427,-0.65934,0.68938,0.64695,0.21123,0.24817,-0.00030,0.04550,-0.24177,
1724733054244374528,0.58586,0.84188,-0.70449,0.68712,0.64950,0.21735,0.24244,-0.00913,0.02587,-0.23925,
1724733054444374784,0.58133,0.83821,-0.75178,0.68385,0.65174,0.22061,0.24274,0.00641,0.01199,-0.21876,
1724733054611091456,0.58020,0.83685,-0.78690,0.68540,0.64874,0.21948,0.24738,0.01053,-0.00356,-0.24116,
1724733054811091968,0.57689,0.82879,-0.83897,0.68282,0.65052,0.22364,0.24609,0.00432,-0.02424,-0.28646,
1724733055011066624,0.57794,0.82022,-0.89110,0.68442,0.64851,0.22544,0.24532,0.01267,-0.05071,-0.23339,
1724733055211067136,0.57350,0.80144,-0.93392,0.68613,0.64697,0.22582,0.24426,0.04045,-0.05311,-0.18844,
1724733055377734144,0.57876,0.78974,-0.96319,0.68648,0.64805,0.22330,0.24274,0.04751,-0.07988,-0.15362,
1724733055577708800,0.59293,0.77213,-0.99005,0.69104,0.64554,0.21642,0.24272,0.09297,-0.09731,-0.11167,
1724733055777709056,0.59865,0.75457,-1.01350,0.69946,0.63808,0.21428,0.24019,0.08323,-0.09329,-0.12422,
1724733055944376064,0.60094,0.75066,-1.03694,0.69547,0.64415,0.20898,0.24024,0.08154,-0.08243,-0.12171,
1724733056144359424,0.61962,0.72974,-1.05926,0.70005,0.63850,0.21047,0.24073,0.08800,-0.07765,-0.10379,
1724733056344359680,0.62909,0.72479,-1.08652,0.69913,0.63728,0.21428,0.24326,0.04487,-0.03261,-0.15301,
1724733056544343552,0.63756,0.71132,-1.09569,0.69067,0.64461,0.22300,0.24027,0.03289,-0.06766,0.02717,
1724733056711010560,0.63637,0.71200,-1.09841,0.68896,0.64647,0.22197,0.24114,0.01555,-0.04860,-0.00289,
1724733056911010816,0.63508,0.71382,-1.10222,0.68879,0.64639,0.22228,0.24154,0.01716,-0.04428,0.00411,
1724733057111011328,0.63730,0.70392,-1.10302,0.68938,0.64586,0.22241,0.24115,0.01010,-0.05670,-0.02195,
1724733057277678336,0.63865,0.69476,-1.10575,0.69109,0.64399,0.22331,0.24042,0.01301,-0.05727,-0.02675,
1724733057477679104,0.64175,0.68213,-1.10968,0.69214,0.64271,0.22404,0.24017,0.01528,-0.06074,-0.02788,
1724733057677679616,0.64511,0.66867,-1.11431,0.69146,0.64332,0.22391,0.24060,0.01774,-0.06406,-0.02443,
1724733057877679872,0.64894,0.65696,-1.11757,0.68822,0.64378,0.22680,0.24589,0.02148,-0.03763,-0.01582,
1724733058044360704,0.65265,0.65653,-1.11987,0.68043,0.63424,0.24943,0.26932,0.03333,0.05164,-0.02300,
1724733058244360960,0.65360,0.67666,-1.12251,0.66281,0.61711,0.28833,0.31101,0.01356,0.04846,-0.03213,
1724733058444361728,0.65676,0.70281,-1.12123,0.65385,0.60841,0.30601,0.32966,0.03742,-0.01944,-0.01515,
1724733058610999808,0.66047,0.71592,-1.12006,0.65202,0.60645,0.30955,0.33357,0.02019,-0.02944,-0.03256,
1724733058811000064,0.66616,0.73933,-1.12311,0.65093,0.60513,0.31187,0.33593,0.02877,-0.01099,-0.03152,
1724733059010994432,0.66722,0.75578,-1.12524,0.65055,0.60470,0.31269,0.33667,0.01666,-0.01702,-0.04808,
1724733059210994688,0.66925,0.75209,-1.13651,0.65031,0.60428,0.31318,0.33743,0.01859,-0.01330,-0.03267,
1724733059377661696,0.66986,0.75942,-1.13472,0.65032,0.60432,0.31322,0.33731,0.01956,-0.00611,-0.03809,
1724733059577675776,0.67093,0.76280,-1.14349,0.65075,0.60465,0.31263,0.33644,0.01208,-0.00181,-0.04776,
1724733059777676032,0.67190,0.76446,-1.15285,0.65063,0.60459,0.31279,0.33664,0.00959,0.00066,-0.05224,
1724733059944343040,0.67249,0.76524,-1.16132,0.65058,0.60460,0.31282,0.33667,0.00489,-0.00249,-0.04909,
1724733060144330752,0.67279,0.76509,-1.17178,0.65057,0.60458,0.31284,0.33670,-0.00029,0.00141,-0.05037,
1724733060344331008,0.67209,0.76520,-1.18304,0.65055,0.60459,0.31286,0.33671,-0.00654,-0.00265,-0.05625,
1724733060544295680,0.67034,0.76401,-1.19430,0.65047,0.60457,0.31297,0.33680,-0.00587,-0.00855,-0.05448,
1724733060710962688,0.66935,0.76147,-1.20358,0.65044,0.60462,0.31295,0.33679,-0.00718,-0.01285,-0.05358,
1724733060910963200,0.66840,0.75703,-1.21414,0.65041,0.60459,0.31300,0.33686,-0.00703,-0.01763,-0.05059,
1724733061110963456,0.66799,0.75144,-1.22428,0.65038,0.60457,0.31304,0.33691,-0.00660,-0.02014,-0.04921,
1724733061277630464,0.66680,0.74790,-1.23253,0.65036,0.60458,0.31306,0.33692,-0.00920,-0.01955,-0.04873,
1724733061477658112,0.66570,0.74293,-1.24209,0.65033,0.60459,0.31307,0.33694,-0.01204,-0.02024,-0.04737,
1724733061677658368,0.66413,0.73653,-1.25136,0.65029,0.60459,0.31310,0.33698,-0.01495,-0.02380,-0.04566,
1724733061877658624,0.66095,0.73053,-1.26040,0.65024,0.60457,0.31320,0.33703,-0.02011,-0.02152,-0.04584,
1724733062044300800,0.65856,0.72511,-1.26801,0.65023,0.60459,0.31318,0.33702,-0.02122,-0.02309,-0.04429,
1724733062244301056,0.65651,0.71994,-1.27653,0.65023,0.60462,0.31318,0.33699,-0.02065,-0.02409,-0.04089,
1724733062444301568,0.65309,0.71351,-1.28405,0.65017,0.60460,0.31323,0.33709,-0.02179,-0.02618,-0.03996,
1724733062610961664,0.64972,0.70977,-1.29013,0.65017,0.60459,0.31326,0.33708,-0.02359,-0.02504,-0.03857,
1724733062810961920,0.64595,0.70742,-1.29757,0.65017,0.60459,0.31326,0.33708,-0.02209,-0.02184,-0.03695,
1724733063010962432,0.64284,0.70495,-1.30453,0.65019,0.60455,0.31328,0.33709,-0.01926,-0.01573,-0.03585,
1724733063210962688,0.63972,0.70220,-1.31116,0.65016,0.60455,0.31330,0.33713,-0.01703,-0.01114,-0.03410,
1724733063377629952,0.63763,0.70030,-1.31631,0.65021,0.60454,0.31325,0.33710,-0.01460,-0.00711,-0.03334,
1724733063577623552,0.63512,0.69860,-1.32226,0.65019,0.60454,0.31325,0.33713,-0.01256,-0.00276,-0.03172,
1724733063777624064,0.63323,0.69894,-1.32782,0.65020,0.60453,0.31324,0.33715,-0.01056,0.00257,-0.03039,
1724733063944291072,0.63283,0.70117,-1.33216,0.65018,0.60450,0.31326,0.33721,-0.00850,0.00686,-0.02951,
1724733064144275200,0.62927,0.70337,-1.33714,0.65019,0.60450,0.31326,0.33719,-0.00677,0.01173,-0.02783,
1724733064344275712,0.62552,0.71468,-1.34143,0.65022,0.60451,0.31326,0.33713,-0.00533,0.01884,-0.02660,
1724733064544275712,0.61673,0.73771,-1.34659,0.65022,0.60442,0.31337,0.33719,-0.00600,0.03013,-0.02534,
1724733064710942976,0.60392,0.76968,-1.35258,0.65025,0.60435,0.31340,0.33722,-0.00803,0.04281,-0.02459,
1724733064910943488,0.60415,0.77601,-1.35735,0.65019,0.60429,0.31351,0.33734,-0.00484,0.04649,-0.02413,
1724733065110951168,0.59283,0.81170,-1.36311,0.65022,0.60423,0.31354,0.33736,-0.00599,0.05997,-0.02389,
1724733065277618176,0.57640,0.84396,-1.36690,0.65023,0.60413,0.31362,0.33744,-0.00892,0.07170,-0.02319,
1724733065477618688,0.56902,0.85269,-1.37021,0.65014,0.60411,0.31367,0.33761,-0.00884,0.07611,-0.02199,
1724733065677596928,0.56183,0.86029,-1.37307,0.65007,0.60410,0.31371,0.33774,-0.00847,0.07909,-0.02081,
1724733065877597440,0.55696,0.86657,-1.37557,0.65007,0.60412,0.31368,0.33773,-0.00749,0.08145,-0.01896,
1724733066044272128,0.55512,0.86633,-1.37709,0.65004,0.60414,0.31368,0.33774,-0.00641,0.08292,-0.01742,
1724733066244272640,0.55165,0.87065,-1.37891,0.64998,0.60412,0.31372,0.33784,-0.00519,0.08440,-0.01544,
1724733066444272896,0.54321,0.87766,-1.38068,0.64995,0.60414,0.31371,0.33789,-0.00641,0.08651,-0.01356,
1724733066610947584,0.53493,0.88339,-1.38139,0.64992,0.60409,0.31378,0.33797,-0.00726,0.08852,-0.01284,
1724733066810947840,0.52866,0.89529,-1.38250,0.64988,0.60412,0.31376,0.33800,-0.00806,0.09171,-0.01225,
1724733067010895104,0.53459,0.88738,-1.38430,0.64986,0.60411,0.31381,0.33803,-0.00564,0.09040,-0.01095,
1724733067210895616,0.54097,0.87827,-1.38603,0.64982,0.60410,0.31382,0.33810,-0.00245,0.08844,-0.01015,
1724733067377562880,0.53832,0.87252,-1.38626,0.64978,0.60408,0.31385,0.33817,-0.00237,0.08724,-0.00956,
1724733067577564928,0.53738,0.86846,-1.38684,0.64979,0.60405,0.31385,0.33822,-0.00109,0.08596,-0.00778,
1724733067777565440,0.53526,0.86631,-1.38742,0.64977,0.60402,0.31388,0.33828,-0.00085,0.08653,-0.00649,
1724733067944232448,0.53353,0.86496,-1.38797,0.64975,0.60401,0.31389,0.33833,-0.00029,0.08671,-0.00503,
1724733068144226304,0.53227,0.86558,-1.38890,0.64977,0.60400,0.31389,0.33832,0.00064,0.08847,-0.00469,
1724733068344226816,0.53091,0.86562,-1.38975,0.64977,0.60399,0.31388,0.33834,-0.00010,0.08966,-0.00310,
1724733068544190208,0.52963,0.86747,-1.39019,0.64976,0.60402,0.31386,0.33834,0.00012,0.09064,-0.00238,
1724733068710857216,0.52634,0.86893,-1.38991,0.64973,0.60399,0.31390,0.33840,-0.00071,0.09190,-0.00124,
1724733068910857472,0.52159,0.87687,-1.38911,0.64977,0.60396,0.31388,0.33839,-0.00185,0.09464,-0.00009,
1724733069110918400,0.52216,0.86778,-1.38782,0.64974,0.60398,0.31388,0.33843,-0.00171,0.09364,0.00142,
1724733069277585408,0.67112,0.76473,-1.09666,0.65083,0.60601,0.31216,0.33425,-0.01186,0.00763,0.00198,
1724733069477585920,0.68201,0.75936,-1.09884,0.65094,0.60617,0.31220,0.33371,0.00451,0.00090,0.00041,
1724733069677582336,0.68648,0.75568,-1.10019,0.65109,0.60623,0.31206,0.33346,0.00658,0.00135,0.00044,
