1724732769548754432,-0.09059,0.15819,-0.00351,0.73689,0.67564,-0.01935,-0.01141,-0.01851,0.08329,-0.03212,
1724732769748693504,-0.09248,0.17831,-0.00747,0.73493,0.67736,-0.02948,-0.01387,-0.01537,0.10105,-0.05224,
1724732769948693760,-0.09723,0.20554,-0.01303,0.72962,0.68289,-0.02205,-0.02887,-0.00334,0.12496,-0.01613,
1724732770148724992,-0.09770,0.23317,-0.00793,0.72761,0.68498,-0.02230,-0.02986,0.02742,0.13909,0.04058,
1724732770348725504,-0.10029,0.25565,0.00921,0.72231,0.69071,-0.02127,-0.02712,0.03964,0.09711,0.09762,
1724732770548725760,-0.08975,0.26604,0.02461,0.72561,0.68732,-0.01992,-0.02619,0.07772,0.03752,0.06551,
1724732770748725504,-0.08189,0.26920,0.03317,0.72665,0.68623,-0.02196,-0.02428,0.07177,0.00315,0.00184,
1724732770948726016,-0.08079,0.22436,0.03580,0.73872,0.67307,-0.02182,-0.02816,0.04713,-0.06723,0.00967,
1724732771148726016,-0.07937,0.16759,0.03946,0.75417,0.65578,-0.02063,-0.02743,0.04262,-0.10586,0.04674,
1724732771348726528,-0.07406,0.14042,0.04947,0.75731,0.65234,-0.01743,-0.02506,0.05886,-0.10936,0.03854,
1724732771548726784,-0.06536,0.12170,0.06110,0.75963,0.64975,-0.01711,-0.02208,0.05589,-0.10459,0.05120,
1724732771748684288,-0.05649,0.10419,0.07648,0.76590,0.64247,-0.02034,-0.01468,0.05570,-0.08087,0.05231,
1724732771948684288,-0.04606,0.09331,0.08164,0.76455,0.64418,-0.01473,-0.01692,0.05897,-0.04042,0.02758,
1724732772148684800,-0.03040,0.08971,0.09438,0.76334,0.64561,-0.01732,-0.01410,0.09934,0.01376,0.06485,
1724732772348685056,-0.01152,0.09654,0.10864,0.75729,0.65258,-0.02272,-0.01147,0.09382,0.04807,0.08642,
1724732772548685568,0.00241,0.10639,0.12672,0.75485,0.65532,-0.02302,-0.01516,0.06149,0.05932,0.06644,
1724732772748635904,0.01585,0.11955,0.13524,0.75172,0.65880,-0.02668,-0.01389,0.04645,0.07228,0.01237,
1724732772948636416,0.02601,0.13244,0.13854,0.75014,0.66062,-0.02660,-0.01281,0.03932,0.06778,0.02134,
1724732773148636928,0.03408,0.13729,0.15559,0.75001,0.66089,-0.02367,-0.01192,0.02114,0.03390,0.09907,
1724732773348622080,0.03763,0.14118,0.17891,0.74698,0.66452,-0.01820,-0.01070,0.01484,0.00587,0.13239,
1724732773548622592,0.04008,0.13559,0.20344,0.74862,0.66273,-0.01660,-0.00902,-0.00557,-0.03549,0.12379,
1724732773748648192,0.04640,0.11447,0.24369,0.75169,0.65934,-0.01057,-0.01158,0.02870,-0.04974,0.20644,
1724732773948648704,0.04944,0.10289,0.28555,0.75093,0.66020,-0.01218,-0.00981,0.02996,-0.05913,0.20230,
1724732774148649216,0.05413,0.09011,0.32203,0.75087,0.66030,-0.01089,-0.00919,0.02095,-0.06276,0.14317,
1724732774348641536,0.05577,0.07767,0.35601,0.75370,0.65708,-0.01200,-0.00671,0.01278,-0.07550,0.18352,
1724732774548642048,0.05414,0.06252,0.37739,0.75340,0.65743,-0.00857,-0.00982,0.01150,-0.07750,0.02865,
1724732774748649728,0.05272,0.04801,0.36348,0.75422,0.65644,-0.00775,-0.01381,0.01704,-0.08207,-0.17971,
1724732774948650240,0.04635,0.03188,0.32026,0.75628,0.65406,-0.01026,-0.01193,0.01355,-0.05283,-0.19574,
1724732775148650752,0.04970,0.02468,0.29296,0.75487,0.65571,-0.01070,-0.01025,0.04009,-0.03651,-0.08351,
1724732775348595712,0.05118,0.02544,0.28579,0.75118,0.65986,-0.01550,-0.00846,0.02967,-0.02540,-0.00942,
1724732775548595968,0.03858,0.03228,0.28780,0.75081,0.66021,-0.01722,-0.01089,-0.00903,-0.02842,0.04214,
1724732775748634112,0.03418,0.02837,0.30075,0.74833,0.66294,-0.01777,-0.01414,-0.00531,-0.04692,0.06052,
1724732775948634624,0.02286,0.01786,0.31536,0.75049,0.66053,-0.01366,-0.01672,-0.01609,-0.08018,0.05133,
1724732776148634624,0.02097,0.01029,0.32299,0.74986,0.66134,-0.01661,-0.00865,-0.01271,-0.08109,0.01249,
1724732776348602368,0.01725,-0.00570,0.32411,0.75234,0.65865,-0.00988,-0.00835,0.00508,-0.10336,-0.00038,
1724732776548602624,0.01627,-0.02700,0.32086,0.75338,0.65752,-0.00745,-0.00627,0.00609,-0.09217,-0.03561,
1724732776748566016,0.00462,-0.02514,0.32100,0.75589,0.65459,-0.01218,-0.00115,-0.01561,-0.06324,-0.05560,
1724732776948566272,0.00270,-0.03689,0.31317,0.75142,0.65970,-0.01119,-0.00625,0.00139,-0.06080,-0.01453,
1724732777148567040,0.00092,-0.04706,0.31281,0.74908,0.66226,-0.01440,-0.00882,0.01249,-0.06153,-0.00256,
1724732777348539392,0.00121,-0.05742,0.31442,0.74536,0.66643,-0.01244,-0.01227,0.02852,-0.08729,0.00737,
1724732777548539648,-0.01196,-0.05388,0.32186,0.74020,0.67218,-0.01440,-0.00771,0.03684,-0.09872,0.02917,
1724732777748541952,-0.00603,-0.08109,0.33011,0.74237,0.66979,-0.01547,-0.00439,0.05655,-0.16526,0.03763,
1724732777948542208,-0.00622,-0.11344,0.33696,0.74485,0.66703,-0.01625,-0.00417,0.02282,-0.19080,0.01276,
1724732778148542720,0.00162,-0.15665,0.34052,0.74742,0.66402,-0.02104,-0.00190,0.02681,-0.20900,0.02460,
1724732778348483840,-0.00120,-0.19861,0.34577,0.74406,0.66782,-0.01944,-0.00498,-0.01025,-0.24773,0.00359,
1724732778548484352,-0.00555,-0.24845,0.34888,0.74353,0.66839,-0.01962,-0.00644,-0.00843,-0.27704,0.01971,
1724732778748484608,-0.00745,-0.30659,0.35343,0.74157,0.67052,-0.02009,-0.00874,-0.00998,-0.32011,0.02007,
1724732778948485120,-0.00950,-0.36928,0.35898,0.74082,0.67125,-0.02347,-0.00751,-0.01944,-0.35769,0.01868,
1724732779148485632,-0.01333,-0.44365,0.36318,0.74065,0.67145,-0.02119,-0.01209,-0.00848,-0.40982,0.03042,
1724732779348529920,-0.01441,-0.52732,0.36768,0.74139,0.67056,-0.02204,-0.01455,-0.00778,-0.43272,0.02735,
1724732779548530432,-0.01372,-0.61779,0.37332,0.74199,0.66971,-0.02865,-0.01044,-0.00587,-0.44821,0.02549,
1724732779748517120,-0.01691,-0.71081,0.37709,0.73778,0.67452,-0.02144,-0.01551,-0.01070,-0.47941,0.02529,
1724732779948517632,-0.01795,-0.81201,0.38345,0.73625,0.67625,-0.02265,-0.01041,-0.02489,-0.51668,0.02434,
1724732780148517888,-0.02041,-0.92211,0.38964,0.73859,0.67377,-0.01924,-0.01209,-0.00651,-0.56794,0.03585,
1724732780348540672,-0.02283,-1.03810,0.39490,0.74167,0.67036,-0.01972,-0.01264,-0.00517,-0.58630,0.03231,
1724732780548541184,-0.02759,-1.15364,0.40027,0.75781,0.65191,-0.02529,-0.00974,-0.03093,-0.55261,0.02409,
1724732780748518144,-0.03516,-1.24976,0.39951,0.76438,0.64427,-0.02214,-0.01189,-0.02609,-0.42652,-0.00563,
1724732780948518656,-0.04293,-1.31848,0.39780,0.75910,0.65051,-0.02225,-0.01012,-0.04442,-0.30532,-0.00866,
1724732781148519168,-0.05117,-1.35740,0.39481,0.75983,0.64982,-0.01911,-0.00538,-0.04084,-0.20786,0.00093,
1724732781348491008,-0.06375,-1.37463,0.39224,0.76457,0.64441,-0.01106,-0.00724,-0.06883,-0.08986,-0.01571,
1724732781548491264,-0.07556,-1.36196,0.38801,0.75377,0.65702,-0.00940,-0.00848,-0.05184,0.00619,-0.01751,
1724732781748489216,-0.08370,-1.33694,0.38730,0.75333,0.65750,-0.01035,-0.00870,-0.03490,0.04830,-0.00961,
1724732781948489472,-0.08880,-1.31305,0.38863,0.76548,0.64331,-0.00835,-0.01091,-0.00352,0.11204,-0.01116,
1724732782148489984,-0.08998,-1.27496,0.38154,0.76840,0.63978,-0.01251,-0.00939,-0.00496,0.24068,-0.04640,
1724732782348501504,-0.09007,-1.20537,0.37906,0.76796,0.64030,-0.01439,-0.00632,0.00871,0.35746,-0.02985,
1724732782548501760,-0.08989,-1.12148,0.37961,0.76222,0.64713,-0.01355,-0.00728,-0.00748,0.42303,-0.01869,
1724732782748502272,-0.09063,-1.03314,0.37752,0.76312,0.64606,-0.01417,-0.00724,0.00779,0.48313,0.00551,
1724732782948502528,-0.09224,-0.93066,0.37832,0.75855,0.65134,-0.01650,-0.00923,0.01797,0.51802,0.01782,
1724732783148502784,-0.08906,-0.82103,0.39129,0.75974,0.64991,-0.01664,-0.01167,0.03435,0.54952,0.03665,
1724732783348503296,-0.08703,-0.70660,0.40003,0.76320,0.64576,-0.02097,-0.00884,0.01993,0.59868,0.03191,
1724732783548503808,-0.08306,-0.58059,0.40398,0.76085,0.64859,-0.01428,-0.01552,0.05339,0.65690,0.01996,
1724732783748421376,-0.07400,-0.44390,0.40801,0.76213,0.64704,-0.01982,-0.00969,0.06732,0.70555,0.01756,
1724732783948421632,-0.06142,-0.29699,0.40625,0.75865,0.65124,-0.01639,-0.00791,0.09953,0.74917,0.01831,
1724732784148421888,-0.04340,-0.14426,0.40372,0.75798,0.65213,-0.01310,-0.00420,0.10748,0.77382,0.00703,
1724732784348428544,-0.02617,0.01366,0.40306,0.76009,0.64952,-0.01851,0.00673,0.07376,0.79312,0.02013,
1724732784548429056,-0.01803,0.17804,0.39915,0.75804,0.65202,-0.01557,0.00111,0.04311,0.82792,0.00781,
1724732784748478720,-0.01390,0.34567,0.39450,0.75338,0.65743,-0.01208,-0.00738,0.03257,0.83797,0.00221,
1724732784948479232,-0.00717,0.51323,0.38851,0.73858,0.67395,-0.01427,-0.00931,0.06369,0.80869,0.00979,
1724732785148479488,0.00340,0.66545,0.38553,0.72602,0.68747,-0.01271,-0.01106,0.07333,0.69106,0.01695,
1724732785348390144,0.01849,0.78916,0.38655,0.72341,0.69012,-0.02020,-0.00370,0.08069,0.54555,0.01939,
1724732785548390656,0.02769,0.88287,0.38607,0.72458,0.68894,-0.01787,-0.00539,0.04598,0.40010,0.02261,
1724732785748416000,0.03023,0.94347,0.38556,0.72634,0.68714,-0.01443,-0.00836,0.03352,0.26886,-0.00245,
1724732785948416512,0.02911,0.97529,0.38219,0.72890,0.68438,-0.01655,-0.00743,-0.00077,0.16109,-0.02465,
1724732786148416768,0.02521,0.98358,0.37834,0.73703,0.67560,-0.01637,-0.00919,-0.00908,0.05513,-0.01145,
1724732786348422912,0.02133,0.97185,0.37460,0.74402,0.66787,-0.01381,-0.01363,-0.00987,0.03333,-0.04797,
1724732786548423168,0.01528,0.96290,0.36934,0.73646,0.67613,-0.01560,-0.01475,-0.00687,-0.01417,-0.03426,
1724732786748427264,0.01684,0.95024,0.36815,0.73652,0.67604,-0.01848,-0.01287,0.00271,-0.05883,-0.01345,
1724732786948427776,0.01775,0.92898,0.36712,0.72878,0.68438,-0.01732,-0.01450,-0.00331,-0.12317,-0.01270,
1724732787148428032,0.01928,0.89592,0.36677,0.72217,0.69128,-0.02191,-0.01093,-0.00590,-0.22603,-0.00360,
1724732787348381696,0.01844,0.83621,0.37331,0.72072,0.69282,-0.01764,-0.01605,-0.02909,-0.35311,-0.01176,
1724732787548382208,0.01620,0.75208,0.37873,0.72214,0.69135,-0.01821,-0.01501,-0.01393,-0.46555,0.00616,
1724732787748386304,0.01327,0.64774,0.38463,0.73347,0.67930,-0.01567,-0.01820,-0.03220,-0.53752,-0.00334,
1724732787948386560,0.01183,0.53893,0.39084,0.75880,0.65086,-0.01910,-0.01528,-0.02313,-0.50090,0.01673,
1724732788148387072,0.00844,0.45336,0.39291,0.75962,0.64981,-0.01447,-0.02275,-0.02259,-0.36069,-0.01564,
1724732788348374528,0.00966,0.39231,0.39097,0.75476,0.65546,-0.01586,-0.02152,0.01574,-0.25651,-0.00387,
1724732788548374784,0.01750,0.34889,0.39396,0.74697,0.66425,-0.01081,-0.02608,0.04455,-0.20215,0.01760,
1724732788748375296,0.03128,0.31366,0.39659,0.74424,0.66729,-0.00513,-0.02829,0.09244,-0.17341,0.02195,
1724732788948375808,0.05739,0.28280,0.39871,0.74270,0.66910,-0.00612,-0.02556,0.14971,-0.16907,0.01617,
1724732789148376320,0.09485,0.25402,0.39946,0.74025,0.67180,-0.00628,-0.02591,0.22052,-0.15949,0.01947,
1724732789348347648,0.14298,0.22491,0.40113,0.73904,0.67313,-0.00958,-0.02472,0.24489,-0.15978,0.00534,
1724732789548348160,0.19988,0.19234,0.40204,0.74160,0.67036,-0.01303,-0.02196,0.30042,-0.17010,0.02303,
1724732789748348416,0.26024,0.15820,0.40036,0.74073,0.67119,-0.01198,-0.02603,0.31865,-0.17537,-0.00215,
1724732789948348672,0.32958,0.12452,0.39354,0.74183,0.67005,-0.01539,-0.02219,0.36103,-0.16430,-0.02128,
1724732790148349184,0.40242,0.09327,0.38823,0.74164,0.67030,-0.01691,-0.01946,0.35974,-0.15391,-0.04059,
1724732790348368384,0.48103,0.06790,0.37900,0.74312,0.66885,-0.01118,-0.01691,0.37850,-0.13393,-0.04242,
1724732790548368896,0.56242,0.04461,0.37291,0.74217,0.67007,-0.00998,-0.00968,0.37654,-0.11439,-0.04623,
1724732790748320768,0.64221,0.02111,0.36760,0.74128,0.67106,-0.00035,-0.01344,0.38980,-0.12039,-0.03103,
1724732790948321280,0.72565,-0.00265,0.36300,0.74125,0.67112,0.00111,-0.01183,0.42379,-0.09755,-0.02637,
1724732791148321536,0.81079,-0.02368,0.36209,0.73991,0.67226,-0.02332,0.00677,0.37994,-0.07616,-0.01397,
1724732791348328704,0.87578,-0.04019,0.35849,0.73697,0.67544,-0.02569,-0.00093,0.28789,-0.07190,-0.01944,
1724732791548328960,0.92166,-0.05391,0.35741,0.73655,0.67560,-0.03190,-0.00629,0.20416,-0.05971,-0.00936,
1724732791748344320,0.95600,-0.06591,0.35626,0.73874,0.67292,-0.03716,-0.00802,0.14324,-0.06097,0.01444,
1724732791948344832,0.97112,-0.07431,0.35823,0.73107,0.68148,-0.02903,-0.01679,0.06546,-0.04775,-0.00277,
1724732792148345344,0.98398,-0.08985,0.36032,0.74077,0.67102,-0.02172,-0.02285,0.07657,-0.08243,0.01420,
1724732792348297472,0.99159,-0.10443,0.36602,0.73986,0.67207,-0.02256,-0.02068,0.06413,-0.05301,0.02254,
1724732792548298240,1.00001,-0.11594,0.39102,0.73702,0.67531,-0.01873,-0.02043,0.06121,-0.05298,0.19969,
1724732792748299008,1.01704,-0.12648,0.44411,0.73621,0.67625,-0.01254,-0.02303,0.09514,-0.04912,0.26085,
1724732792948299520,1.04025,-0.13953,0.48001,0.73722,0.67517,-0.02056,-0.01534,0.09132,-0.05996,0.04534,
1724732793148299776,1.05916,-0.15004,0.47230,0.73803,0.67424,-0.01883,-0.01889,0.09480,-0.06050,-0.07008,
1724732793348308992,1.07967,-0.15947,0.45746,0.73665,0.67577,-0.01924,-0.01763,0.09921,-0.01720,-0.07737,
1724732793548309248,1.10020,-0.17084,0.45183,0.72335,0.69001,-0.01962,-0.01616,0.11176,-0.09669,0.02746,
1724732793748313088,1.11918,-0.19470,0.45953,0.73157,0.68134,-0.02169,-0.01046,0.07792,-0.12882,0.04004,
1724732793948313600,1.13187,-0.22235,0.47052,0.73488,0.67794,-0.01542,-0.01066,0.06222,-0.13231,0.06857,
1724732794148314112,1.13839,-0.25251,0.48478,0.73533,0.67748,-0.01698,-0.00472,0.01777,-0.13360,0.06705,
1724732794348307968,1.13862,-0.28386,0.49480,0.72200,0.69174,-0.00509,-0.01364,0.02207,-0.18101,0.05637,
1724732794548308736,1.14790,-0.33128,0.50608,0.72614,0.68721,-0.01210,-0.01780,0.03772,-0.24905,0.03815,
1724732794748309248,1.16339,-0.38741,0.51178,0.72558,0.68733,-0.02463,-0.02243,0.09335,-0.28067,0.02419,
1724732794948309760,1.18028,-0.44899,0.51077,0.72191,0.69084,-0.03227,-0.02328,0.07752,-0.33383,-0.03075,
1724732795148310016,1.19860,-0.52648,0.50671,0.72945,0.68276,-0.03914,-0.01410,0.06241,-0.39747,-0.02085,
1724732795348256000,1.20828,-0.60127,0.50449,0.75366,0.65663,-0.02030,-0.02040,0.04488,-0.32803,-0.02562,
1724732795548256512,1.22462,-0.65848,0.50047,0.75280,0.65782,-0.01919,-0.01402,0.08168,-0.21582,-0.01806,
1724732795748232960,1.23998,-0.69346,0.49939,0.74311,0.66841,-0.03149,-0.00491,0.04529,-0.15825,0.00843,
1724732795948233728,1.24475,-0.71753,0.50084,0.73867,0.67290,-0.03946,-0.00277,-0.01370,-0.11303,0.00476,
1724732796148233984,1.23470,-0.73564,0.50397,0.73297,0.67961,-0.02772,-0.01103,-0.06154,-0.12824,0.02114,
1724732796348237824,1.21592,-0.74973,0.50299,0.73625,0.67616,-0.02541,-0.01006,-0.06480,-0.13092,-0.00238,
1724732796548238336,1.19095,-0.76383,0.49672,0.73645,0.67578,-0.03045,-0.00563,-0.10328,-0.12423,-0.02154,
1724732796748215552,1.16108,-0.78455,0.49430,0.73880,0.67307,-0.03369,-0.00377,-0.18388,-0.11017,-0.03100,
1724732796948215808,1.11880,-0.80319,0.49242,0.73715,0.67503,-0.02941,-0.00877,-0.22008,-0.10192,-0.02469,
1724732797148216064,1.07108,-0.82112,0.48535,0.74107,0.67050,-0.03494,-0.00489,-0.25558,-0.08460,-0.01644,
1724732797348200704,1.01287,-0.83717,0.48003,0.73552,0.67668,-0.03107,-0.01182,-0.29945,-0.07489,-0.02531,
1724732797548200960,0.94829,-0.85076,0.48105,0.73874,0.67284,-0.03865,-0.00826,-0.33205,-0.07200,-0.02247,
1724732797748219136,0.87524,-0.86783,0.47990,0.73430,0.67766,-0.03775,-0.01237,-0.37682,-0.07105,-0.01349,
1724732797948219648,0.79450,-0.88368,0.48216,0.73562,0.67630,-0.03575,-0.01430,-0.39838,-0.07705,-0.01025,
1724732798148220160,0.70903,-0.90254,0.48409,0.73614,0.67562,-0.03893,-0.01122,-0.43736,-0.07620,0.00314,
1724732798348244480,0.61460,-0.92249,0.48741,0.73772,0.67417,-0.03116,-0.01693,-0.47296,-0.08608,-0.00476,
1724732798548244736,0.52042,-0.94169,0.48917,0.73677,0.67511,-0.03645,-0.00799,-0.47717,-0.09360,0.01929,
1724732798748245504,0.42055,-0.96108,0.49318,0.73709,0.67507,-0.03059,-0.00697,-0.50412,-0.09233,0.02069,
1724732798948245504,0.31709,-0.98109,0.49574,0.73725,0.67521,-0.01911,-0.01327,-0.51556,-0.09309,0.01826,
1724732799148246016,0.21920,-0.99933,0.49836,0.73948,0.67266,-0.01488,-0.02181,-0.45462,-0.08312,0.00248,
1724732799348172800,0.13822,-1.01497,0.49974,0.74248,0.66921,-0.01074,-0.02774,-0.34317,-0.07479,-0.00352,
1724732799548173312,0.07814,-1.02520,0.50023,0.75774,0.65197,-0.02144,-0.01739,-0.27133,-0.01131,-0.00567,
1724732799748194304,0.02393,-1.01228,0.50150,0.77270,0.63415,-0.02512,-0.01287,-0.24514,0.15302,-0.00772,
1724732799948194560,-0.02919,-0.96234,0.49896,0.77737,0.62828,-0.02350,-0.01992,-0.23823,0.37043,-0.02776,
1724732800148195072,-0.07356,-0.86863,0.49508,0.77093,0.63607,-0.02909,-0.01548,-0.22062,0.55995,-0.01460,
1724732800348186112,-0.11614,-0.74110,0.49321,0.76789,0.63968,-0.03045,-0.01504,-0.20973,0.71367,0.00420,
1724732800548186624,-0.15229,-0.58376,0.49328,0.76436,0.64382,-0.02452,-0.02538,-0.20985,0.83290,0.00524,
1724732800748137728,-0.18002,-0.40458,0.49482,0.76563,0.64233,-0.02748,-0.02138,-0.14038,0.95348,0.01924,
1724732800948138240,-0.20115,-0.20336,0.49477,0.75666,0.65294,-0.02922,-0.01658,-0.13044,1.04161,-0.01238,
1724732801148138496,-0.22156,0.00890,0.49031,0.73973,0.67220,-0.02692,-0.01482,-0.11105,1.06207,-0.03092,
1724732801348138752,-0.23611,0.21150,0.48582,0.71633,0.69722,-0.02007,-0.01880,-0.08001,0.94153,-0.01184,
1724732801548139264,-0.24168,0.37923,0.48730,0.71627,0.69732,-0.02584,-0.00662,-0.05235,0.74617,0.02122,
1724732801748139776,-0.24779,0.50755,0.49012,0.72398,0.68958,-0.01685,-0.00755,-0.07445,0.57452,0.00882,
1724732801948140288,-0.25999,0.60913,0.49291,0.73164,0.68151,-0.00867,-0.01352,-0.09756,0.47180,-0.02453,
1724732802148140544,-0.26926,0.69392,0.49203,0.73600,0.67666,-0.00166,-0.02088,-0.03295,0.40419,-0.02437,
1724732802348175616,-0.26670,0.76773,0.49145,0.73712,0.67523,0.00078,-0.02677,0.05189,0.35664,-0.01988,
1724732802548175872,-0.24533,0.83514,0.48813,0.73774,0.67414,0.00605,-0.03534,0.15048,0.31960,-0.01327,
1724732802748122368,-0.20238,0.89522,0.48773,0.73891,0.67292,0.00196,-0.03457,0.26134,0.28797,-0.01368,
1724732802948122880,-0.13992,0.94764,0.48878,0.73923,0.67286,-0.00979,-0.02652,0.34219,0.25294,-0.00178,
1724732803148123392,-0.06715,0.99306,0.49299,0.73933,0.67270,-0.00998,-0.02787,0.37176,0.23012,-0.02205,
1724732803348126208,0.01287,1.03742,0.49404,0.73704,0.67515,-0.00758,-0.02963,0.42611,0.21474,-0.02349,
1724732803548126464,0.10214,1.07668,0.49285,0.73841,0.67378,-0.01062,-0.02550,0.46532,0.18302,-0.02061,
1724732803748104448,0.19585,1.11006,0.49034,0.73635,0.67614,-0.01151,-0.02208,0.45820,0.16620,-0.02917,
1724732803948104704,0.29131,1.13730,0.49069,0.73523,0.67737,-0.01006,-0.02254,0.46801,0.12972,-0.02103,
1724732804148105216,0.39087,1.15972,0.49333,0.73650,0.67595,-0.00707,-0.02460,0.49556,0.09721,-0.01345,
1724732804348115200,0.49522,1.17991,0.49434,0.73576,0.67686,-0.00736,-0.02163,0.50931,0.07172,-0.01398,
1724732804548115712,0.60168,1.19419,0.49414,0.73510,0.67764,-0.00709,-0.01935,0.54126,0.05680,-0.00431,
1724732804748061184,0.70688,1.20408,0.49087,0.73667,0.67594,-0.00739,-0.01905,0.52399,0.04202,-0.01634,
1724732804948061440,0.80929,1.21143,0.48583,0.73574,0.67697,-0.00979,-0.01727,0.51603,0.03885,-0.01220,
1724732805148061952,0.90863,1.21770,0.48421,0.73446,0.67832,-0.00847,-0.01932,0.49405,0.02959,-0.01550,
1724732805348062208,1.00805,1.22066,0.48166,0.73357,0.67929,-0.00881,-0.01929,0.50395,0.01877,-0.01064,
1724732805548062720,1.10686,1.22004,0.47869,0.73576,0.67689,-0.01201,-0.01820,0.51293,0.01032,-0.01241,
1724732805748062976,1.20243,1.21873,0.47593,0.72933,0.68373,-0.02181,-0.01079,0.47938,0.00040,-0.01748,
1724732805948063488,1.28850,1.21332,0.47133,0.71946,0.69402,-0.02519,-0.00873,0.40765,-0.04538,-0.01893,
1724732806148064000,1.36396,1.19258,0.46888,0.71775,0.69582,-0.02267,-0.01238,0.36127,-0.15180,-0.01068,
1724732806348045056,1.43192,1.15401,0.46466,0.72083,0.69259,-0.02377,-0.01276,0.32033,-0.22893,-0.03499,
1724732806548045568,1.48356,1.09679,0.45922,0.72168,0.69166,-0.02540,-0.01180,0.27830,-0.27841,-0.03539,
1724732806748045824,1.52663,1.02756,0.45347,0.71676,0.69681,-0.02043,-0.01695,0.22365,-0.36428,-0.03847,
1724732806948057600,1.56802,0.94082,0.45011,0.71796,0.69556,-0.01971,-0.01819,0.19121,-0.44526,-0.04583,
1724732807148057856,1.60738,0.83837,0.44819,0.72021,0.69326,-0.02169,-0.01455,0.19403,-0.52425,-0.02052,
1724732807348025856,1.64670,0.72398,0.44702,0.72692,0.68627,-0.01859,-0.01676,0.18020,-0.56747,-0.03207,
1724732807548026112,1.68254,0.60743,0.44696,0.74040,0.67165,-0.02366,-0.01170,0.16120,-0.53701,-0.02273,
1724732807748026624,1.71435,0.50130,0.44896,0.74397,0.66768,-0.02316,-0.01287,0.15450,-0.45734,-0.03078,
1724732807948036864,1.74353,0.40771,0.45145,0.73775,0.67435,-0.02913,-0.01102,0.11212,-0.39172,-0.03359,
1724732808148037120,1.76302,0.32662,0.45118,0.73607,0.67606,-0.03230,-0.00987,0.07278,-0.36443,-0.01894,
1724732808348003584,1.76840,0.25717,0.45302,0.73706,0.67468,-0.03912,-0.00499,-0.00128,-0.31578,-0.00826,
1724732808548003840,1.75827,0.19733,0.45635,0.73244,0.67987,-0.03490,-0.00942,-0.06365,-0.28882,-0.00307,
1724732808748004352,1.73479,0.14916,0.45818,0.73383,0.67846,-0.03332,-0.00901,-0.11448,-0.25182,-0.02083,
1724732808948015360,1.70275,0.10837,0.45872,0.73315,0.67925,-0.03269,-0.00552,-0.15961,-0.21941,-0.01610,
1724732809148015872,1.66039,0.07583,0.45969,0.72957,0.68300,-0.03512,-0.00096,-0.19959,-0.20576,-0.00644,
1724732809347996160,1.60857,0.04123,0.46004,0.73203,0.68040,-0.03457,0.00083,-0.26343,-0.19927,-0.01126,
1724732809547996416,1.54541,0.00482,0.45854,0.73230,0.67992,-0.03770,0.00518,-0.33927,-0.19378,-0.01180,
1724732809747996928,1.47116,-0.03454,0.46097,0.73145,0.68104,-0.03414,0.00302,-0.39490,-0.20981,-0.00226,
1724732809948015872,1.38505,-0.07536,0.46471,0.73474,0.67745,-0.03438,0.00629,-0.43443,-0.22686,0.01797,
1724732810148016384,1.29043,-0.11905,0.46887,0.73488,0.67734,-0.03347,0.00698,-0.49789,-0.21836,0.01680,
1724732810347986176,1.18407,-0.16315,0.47580,0.73633,0.67575,-0.03336,0.00813,-0.55456,-0.23425,0.02821,
1724732810547986944,1.06891,-0.20855,0.47861,0.73810,0.67404,-0.02896,0.00615,-0.58378,-0.22660,0.00108,
1724732810747987200,0.94778,-0.25363,0.48033,0.74030,0.67114,-0.03711,0.01195,-0.63448,-0.22961,0.00818,
1724732810948014336,0.81383,-0.29921,0.48032,0.74072,0.67062,-0.03941,0.00703,-0.68993,-0.22603,0.00146,
1724732811148014592,0.67281,-0.34408,0.47970,0.74226,0.66915,-0.03570,-0.00298,-0.71868,-0.20779,-0.00760,
1724732811347956224,0.52729,-0.38260,0.47713,0.74060,0.67064,-0.04186,-0.00258,-0.74186,-0.18741,0.00112,
1724732811547956736,0.37574,-0.41723,0.47589,0.74309,0.66755,-0.04685,-0.00226,-0.77328,-0.16869,0.01263,
1724732811747956992,0.21676,-0.44455,0.47439,0.74452,0.66627,-0.02064,-0.03675,-0.76066,-0.10493,0.00473,
1724732811947894272,0.08085,-0.46205,0.47491,0.73889,0.67217,-0.01440,-0.04489,-0.60709,-0.07399,0.01114,
1724732812147894528,-0.02576,-0.47610,0.47619,0.73955,0.67179,-0.01603,-0.03878,-0.48590,-0.06721,-0.01792,
1724732812347894784,-0.10486,-0.48645,0.46963,0.73247,0.67838,0.00782,-0.05688,-0.34443,-0.08015,-0.04636,
1724732812547895552,-0.15170,-0.50573,0.46233,0.73581,0.67545,0.00111,-0.04847,-0.13350,-0.10790,-0.04265,
1724732812747895808,-0.16262,-0.52458,0.45539,0.73801,0.67343,-0.03903,-0.01754,-0.06167,-0.10979,-0.05335,
1724732812947972864,-0.17404,-0.54594,0.44592,0.74026,0.67064,-0.04224,-0.02180,-0.09568,-0.10411,-0.06659,
1724732813147972864,-0.18982,-0.56248,0.43602,0.74040,0.67029,-0.04479,-0.02268,-0.12187,-0.06952,-0.08529,
1724732813347962624,-0.21466,-0.57631,0.42773,0.73812,0.67292,-0.04531,-0.01731,-0.14770,-0.05443,-0.05949,
1724732813547962880,-0.24773,-0.58463,0.41558,0.74153,0.66972,-0.03761,-0.01355,-0.19035,-0.03662,-0.05957,
1724732813747963392,-0.28230,-0.58925,0.41118,0.74162,0.67001,-0.02292,-0.02374,-0.17388,-0.00566,-0.04973,
1724732813947924736,-0.30577,-0.59108,0.41025,0.74145,0.67021,-0.01887,-0.02672,-0.11853,0.02397,-0.05278,
1724732814147925248,-0.32048,-0.58671,0.41419,0.74188,0.67014,-0.01631,-0.01599,-0.07888,0.05632,-0.04268,
1724732814347913216,-0.33186,-0.57145,0.40148,0.74124,0.67118,-0.00242,-0.00836,-0.03295,0.09276,-0.06678,
1724732814547913472,-0.33816,-0.56720,0.40476,0.73798,0.67473,0.00779,0.00808,0.01297,0.10204,-0.07004,
1724732814747913984,-0.35157,-0.57134,0.40598,0.73511,0.67727,0.01976,0.02293,0.03334,0.07525,-0.06775,
1724732814947895552,-0.35770,-0.58633,0.41181,0.73457,0.67691,0.02470,0.03993,0.02172,0.04525,-0.03867,
1724732815147896064,-0.36080,-0.60751,0.42134,0.73590,0.67529,0.03092,0.03847,-0.00824,0.02346,-0.05457,
1724732815347896320,-0.34629,-0.63355,0.43111,0.72632,0.68505,0.03410,0.04476,0.03429,-0.03138,-0.02358,
1724732815547896576,-0.33183,-0.66283,0.44265,0.73662,0.67321,0.04963,0.04142,0.05981,-0.09522,0.00679,
1724732815747897344,-0.30835,-0.68298,0.44764,0.73402,0.67569,0.05186,0.04430,0.12267,-0.09405,0.00877,
1724732815947886592,-0.27190,-0.70563,0.45250,0.73772,0.67120,0.05833,0.04307,0.19427,-0.10369,0.00990,
1724732816147887104,-0.21734,-0.72559,0.45875,0.73794,0.67074,0.05550,0.04978,0.26234,-0.09874,0.02587,
1724732816347887616,-0.15717,-0.74404,0.46615,0.73881,0.66957,0.06009,0.04706,0.29844,-0.08865,0.01316,
1724732816547888128,-0.08710,-0.76119,0.47402,0.73730,0.67121,0.03913,0.06583,0.34551,-0.07503,0.03910,
1724732816747888128,-0.02654,-0.77906,0.47942,0.73603,0.67227,0.02512,0.07541,0.23046,-0.09702,-0.00680,
1724732816947888640,0.01114,-0.80053,0.47902,0.73554,0.67424,0.02221,0.06243,0.13529,-0.11658,-0.01732,
1724732817147888896,0.03121,-0.82595,0.47747,0.73732,0.67394,0.01405,0.04431,0.07119,-0.12959,-0.01637,
1724732817347889408,0.03810,-0.84908,0.47527,0.73692,0.67573,0.00580,0.01725,0.04376,-0.12965,-0.00333,
1724732817547889920,0.04140,-0.87198,0.47052,0.73390,0.67907,-0.00489,-0.01530,0.07529,-0.12714,-0.02001,
1724732817747890176,0.04901,-0.89052,0.46844,0.73393,0.67776,-0.03256,-0.03064,0.09802,-0.12611,-0.02924,
1724732817947882752,0.05203,-0.90546,0.46876,0.73672,0.67310,-0.04773,-0.04372,0.12453,-0.11377,0.01438,
1724732818147882752,0.06147,-0.92172,0.47352,0.73582,0.67380,-0.04893,-0.04670,0.12467,-0.10160,0.03022,
1724732818347877120,0.07920,-0.94148,0.47871,0.73218,0.67751,-0.05637,-0.04147,0.12799,-0.10958,0.03847,
1724732818547877376,0.09951,-0.96807,0.48940,0.72914,0.68054,-0.06068,-0.03927,0.07758,-0.15894,0.05503,
1724732818747877632,0.10634,-0.99823,0.50001,0.73990,0.66897,-0.05228,-0.04788,0.03365,-0.13768,0.02277,
1724732818947863296,0.11607,-1.02227,0.50313,0.73489,0.67441,-0.04533,-0.05528,0.08218,-0.11956,0.01947,
1724732819147863552,0.12002,-1.03825,0.50471,0.74865,0.65872,-0.05814,-0.04721,0.07696,-0.07709,0.00803,
1724732819347825408,0.13277,-1.03975,0.50084,0.75890,0.64691,-0.05113,-0.05435,0.10366,0.06096,-0.02027,
1724732819547825664,0.13385,-0.99044,0.48780,0.75435,0.65246,-0.05948,-0.04153,0.09442,0.21589,-0.03316,
1724732819747826176,0.13186,-0.90960,0.47001,0.74224,0.66672,-0.05188,-0.04326,0.05018,0.30714,-0.04240,
1724732819947808256,0.13758,-0.83556,0.46234,0.73652,0.67255,-0.06633,-0.02856,0.00905,0.31981,0.00812,
1724732820147808768,0.13261,-0.76682,0.46569,0.73529,0.67374,-0.06729,-0.02990,-0.06259,0.32879,0.02705,
1724732820347818752,0.11313,-0.69985,0.47122,0.73895,0.66973,-0.06708,-0.03026,-0.13839,0.32643,0.03386,
1724732820547819264,0.07527,-0.63027,0.47652,0.74538,0.66235,-0.06815,-0.03254,-0.23081,0.37459,0.01738,
1724732820747819776,0.02336,-0.54492,0.47678,0.74339,0.66442,-0.06845,-0.03515,-0.28290,0.43372,0.01540,
1724732820947812096,-0.03638,-0.45179,0.48049,0.74519,0.66233,-0.06942,-0.03450,-0.33468,0.48199,-0.00055,
1724732821147812608,-0.10865,-0.34859,0.47891,0.74484,0.66268,-0.06870,-0.03678,-0.40838,0.54224,-0.01858,
1724732821347827712,-0.18893,-0.23652,0.47627,0.74691,0.66075,-0.06309,-0.03939,-0.41691,0.58472,0.00774,
1724732821547828224,-0.27043,-0.10867,0.47936,0.76210,0.64377,-0.05788,-0.03768,-0.43090,0.69019,0.00589,
1724732821747828480,-0.35344,0.04552,0.48000,0.75942,0.64753,-0.04775,-0.04120,-0.41532,0.81387,0.00609,
1724732821947828992,-0.43505,0.22010,0.48199,0.75425,0.65373,-0.03769,-0.04821,-0.40658,0.90200,0.00030,
1724732822147829504,-0.50378,0.40498,0.48101,0.73702,0.67194,-0.01079,-0.07195,-0.28338,0.91600,0.01420,
1724732822347873792,-0.53433,0.58025,0.48372,0.72082,0.68618,0.01696,-0.09636,-0.01492,0.81232,0.04953,
1724732822547874304,-0.49920,0.73198,0.49007,0.72669,0.67978,0.01865,-0.09735,0.31752,0.71814,0.03123,
1724732822747874560,-0.40297,0.86397,0.49434,0.72857,0.68029,-0.00609,-0.07969,0.55030,0.64712,0.00921,
1724732822947802880,-0.26650,0.97620,0.49430,0.72707,0.68225,-0.01724,-0.07487,0.70826,0.57552,-0.00838,
1724732823147803136,-0.10556,1.07077,0.49206,0.73043,0.67940,-0.03470,-0.06077,0.77840,0.50579,-0.01421,
1724732823347758592,0.05798,1.15304,0.48656,0.72176,0.68874,-0.04871,-0.04822,0.77023,0.45554,-0.03119,
1724732823547758848,0.20798,1.22587,0.47915,0.71139,0.69940,-0.05496,-0.04167,0.68118,0.35215,-0.04958,
1724732823747759360,0.33867,1.26979,0.47282,0.70022,0.71068,-0.05566,-0.03911,0.57443,0.18346,-0.04187,
1724732823947796736,0.44865,1.27597,0.46793,0.69625,0.71478,-0.05036,-0.04223,0.50358,-0.01805,-0.04235,
1724732824147797248,0.54521,1.24512,0.46735,0.70369,0.70739,-0.04874,-0.04513,0.43680,-0.18881,-0.03904,
1724732824347721984,0.63113,1.18553,0.46208,0.70982,0.70131,-0.04299,-0.04981,0.41402,-0.31422,-0.04710,
1724732824547722240,0.71277,1.10546,0.45739,0.70963,0.70145,-0.04659,-0.04709,0.38062,-0.40454,-0.05735,
1724732824747722752,0.78417,1.00042,0.45645,0.71156,0.69955,-0.04739,-0.04549,0.36897,-0.49404,-0.04695,
1724732824947729408,0.85049,0.88289,0.45530,0.70885,0.70234,-0.04621,-0.04603,0.31364,-0.57245,-0.05336,
1724732825147729664,0.90933,0.74712,0.45434,0.70987,0.70166,-0.04423,-0.04247,0.31450,-0.66201,-0.03020,
1724732825347730176,0.95688,0.59538,0.45698,0.71237,0.69938,-0.04013,-0.04225,0.25702,-0.72126,-0.05521,
1724732825547730432,1.00311,0.43385,0.45994,0.71473,0.69726,-0.03685,-0.04032,0.26098,-0.77892,-0.03437,
1724732825747730944,1.05150,0.26705,0.46446,0.72934,0.68184,-0.04006,-0.03946,0.26095,-0.79233,-0.03478,
1724732825947703808,1.10121,0.11139,0.46266,0.73995,0.66974,-0.04700,-0.04134,0.29546,-0.70185,-0.03989,
1724732826147704320,1.15161,-0.01765,0.45871,0.73939,0.66910,-0.06849,-0.03021,0.24629,-0.57688,-0.02855,
1724732826347695360,1.18356,-0.12364,0.45732,0.73233,0.67436,-0.09340,-0.01436,0.09332,-0.48698,-0.02390,
1724732826547695872,1.17907,-0.21352,0.45526,0.72993,0.67640,-0.09704,-0.01610,-0.12226,-0.41618,-0.04494,
1724732826747696128,1.13197,-0.28603,0.45081,0.72619,0.68076,-0.09362,-0.02135,-0.30415,-0.35201,-0.04477,
1724732826947735296,1.05162,-0.34902,0.44631,0.72440,0.68299,-0.09039,-0.02459,-0.46238,-0.31897,-0.03459,
1724732827147735808,0.95228,-0.41682,0.44374,0.72285,0.68563,-0.07977,-0.03232,-0.56996,-0.30498,-0.02745,
1724732827347705088,0.83576,-0.48437,0.44074,0.72369,0.68518,-0.07834,-0.02578,-0.65225,-0.30538,-0.01387,
1724732827547705600,0.69938,-0.54876,0.43887,0.73136,0.67756,-0.07354,-0.02484,-0.73970,-0.29516,-0.02322,
1724732827747705600,0.54678,-0.60887,0.43190,0.72831,0.68089,-0.07161,-0.02873,-0.81568,-0.26638,-0.02739,
1724732827947681536,0.38284,-0.66417,0.42953,0.73934,0.66966,-0.04873,-0.05052,-0.81210,-0.25968,0.00574,
1724732828147681792,0.23234,-0.71203,0.43063,0.74746,0.66025,-0.03693,-0.06333,-0.69456,-0.19364,-0.00179,
1724732828347682304,0.10395,-0.73803,0.43595,0.76031,0.64593,-0.04378,-0.05279,-0.59404,-0.06426,0.01529,
1724732828547682560,-0.00856,-0.73477,0.43918,0.76780,0.63743,-0.04140,-0.04948,-0.52323,0.10395,0.01389,
1724732828747682816,-0.10574,-0.69263,0.44131,0.76808,0.63720,-0.04368,-0.04614,-0.46904,0.29983,0.00676,
1724732828947683328,-0.19182,-0.61230,0.44336,0.76090,0.64563,-0.04388,-0.04765,-0.42989,0.44379,0.00855,
1724732829147683584,-0.26634,-0.50552,0.44614,0.75939,0.64717,-0.04986,-0.04481,-0.38921,0.57717,-0.00191,
1724732829347629312,-0.33195,-0.37458,0.44411,0.76249,0.64350,-0.04517,-0.04975,-0.32906,0.70395,-0.02612,
1724732829547629568,-0.38497,-0.21784,0.44314,0.76146,0.64471,-0.05130,-0.04352,-0.27876,0.83359,-0.01237,
1724732829747630080,-0.43052,-0.03568,0.44360,0.75396,0.65326,-0.04937,-0.04856,-0.22375,0.94217,-0.00385,
1724732829947646720,-0.47068,0.15899,0.43782,0.72627,0.68375,-0.05379,-0.04608,-0.20895,0.96069,-0.01108,
1724732830147647232,-0.50792,0.33876,0.44152,0.71246,0.69831,-0.04802,-0.04968,-0.20676,0.79360,0.05304,
1724732830347678720,-0.54371,0.48575,0.45238,0.72368,0.68687,-0.03855,-0.05483,-0.18203,0.67827,0.03029,
1724732830547678976,-0.57160,0.61222,0.45835,0.72035,0.68961,-0.01644,-0.07251,-0.09377,0.57755,0.01274,
1724732830747679488,-0.57315,0.71649,0.46740,0.72435,0.68487,-0.00677,-0.07895,0.10161,0.47416,0.03100,
1724732830947614464,-0.53594,0.80581,0.47328,0.72767,0.68086,-0.00181,-0.08321,0.30755,0.39552,0.02968,
1724732831147614976,-0.46060,0.88653,0.47812,0.73070,0.67795,-0.00807,-0.08003,0.50384,0.35090,0.03961,
1724732831347607552,-0.34811,0.95885,0.48320,0.73163,0.67666,-0.00567,-0.08260,0.67655,0.31403,0.02896,
1724732831547608064,-0.20024,1.02069,0.48658,0.73461,0.67458,-0.01524,-0.07112,0.80985,0.29606,0.01538,
1724732831747608576,-0.02944,1.08116,0.48974,0.73144,0.67856,-0.01677,-0.06532,0.90985,0.29113,0.01891,
1724732831947610880,0.15563,1.13752,0.49708,0.73071,0.68007,-0.03105,-0.05096,0.95041,0.28517,0.02727,
1724732832147611392,0.34093,1.18901,0.49714,0.72643,0.68441,-0.03987,-0.04779,0.92339,0.27773,0.01029,
1724732832347595776,0.52014,1.23849,0.49475,0.71211,0.69890,-0.04762,-0.04666,0.86535,0.23525,0.00641,
1724732832547596288,0.68633,1.27003,0.49072,0.69553,0.71519,-0.04661,-0.05064,0.80948,0.09101,0.00672,
1724732832747596544,0.84213,1.26625,0.48971,0.69122,0.71923,-0.05179,-0.04728,0.74902,-0.11163,0.02109,
1724732832947611136,0.98539,1.22223,0.48990,0.69519,0.71532,-0.05435,-0.04564,0.68158,-0.29503,0.01359,
1724732833147611392,1.11490,1.14366,0.48890,0.70094,0.70972,-0.05466,-0.04464,0.63531,-0.44467,-0.00218,
1724732833347577088,1.23189,1.04074,0.48242,0.70552,0.70535,-0.05247,-0.04427,0.57245,-0.55186,-0.02578,
1724732833547577600,1.33872,0.91638,0.47552,0.70381,0.70699,-0.05317,-0.04461,0.51665,-0.64395,-0.03299,
1724732833747577856,1.43180,0.76793,0.46804,0.69131,0.71896,-0.05752,-0.04335,0.45591,-0.78884,-0.02292,
1724732833947600640,1.50881,0.58506,0.46663,0.71305,0.69754,-0.05353,-0.04604,0.41234,-0.93149,-0.00185,
1724732834147600896,1.57443,0.39088,0.46335,0.72364,0.68677,-0.04802,-0.04883,0.37282,-0.91514,-0.04638,
1724732834347546368,1.63525,0.20295,0.46022,0.73267,0.67726,-0.05377,-0.04023,0.35745,-0.88255,-0.01609,
1724732834547546624,1.68042,0.02535,0.45767,0.73952,0.66906,-0.06896,-0.02688,0.27056,-0.78636,-0.03088,
1724732834747547136,1.69910,-0.12993,0.44954,0.73414,0.67385,-0.08205,-0.01530,0.08539,-0.67684,-0.03211,
1724732834947534336,1.67788,-0.26525,0.44116,0.73055,0.67845,-0.07489,-0.01980,-0.08368,-0.62539,-0.00918,
1724732835147534592,1.64204,-0.38337,0.43702,0.73146,0.67706,-0.07906,-0.01750,-0.23674,-0.55519,-0.03057,
1724732835347535104,1.58447,-0.49179,0.42933,0.73177,0.67654,-0.08054,-0.01758,-0.36986,-0.50783,-0.04372,
1724732835547535360,1.50099,-0.59120,0.42137,0.72871,0.68034,-0.07476,-0.02323,-0.48156,-0.47001,-0.04810,
1724732835747535872,1.39718,-0.68746,0.41506,0.72875,0.68071,-0.06971,-0.02649,-0.57958,-0.45124,-0.04794,
1724732835947529984,1.27496,-0.77624,0.40737,0.73174,0.67748,-0.07169,-0.02088,-0.65093,-0.42966,-0.03305,
1724732836147530496,1.13805,-0.85778,0.40363,0.73245,0.67675,-0.07046,-0.02382,-0.70945,-0.38874,-0.02066,
1724732836347506176,0.99342,-0.93494,0.40368,0.72934,0.67917,-0.08035,-0.01803,-0.77030,-0.37238,-0.01187,
1724732836547506688,0.82824,-1.00749,0.40313,0.73136,0.67681,-0.08215,-0.01680,-0.88298,-0.36474,-0.02704,
1724732836747507456,0.63950,-1.07328,0.40157,0.73358,0.67539,-0.07234,-0.02207,-0.97395,-0.33497,-0.03457,
1724732836947493632,0.44256,-1.13911,0.39632,0.73228,0.67794,-0.03833,-0.05183,-0.97506,-0.32101,-0.04545,
1724732837147494144,0.26834,-1.20146,0.39586,0.73689,0.67289,-0.02809,-0.05849,-0.77900,-0.30728,-0.03653,
1724732837347505664,0.13060,-1.25842,0.38723,0.73503,0.67373,-0.00782,-0.07588,-0.57987,-0.27162,-0.07411,
1724732837547506176,0.03883,-1.30887,0.38269,0.73610,0.67375,-0.03396,-0.05539,-0.36688,-0.24884,-0.02176,
1724732837747506432,-0.03063,-1.35099,0.38429,0.73800,0.67028,-0.07302,-0.02737,-0.38211,-0.18371,-0.02219,
1724732837947506944,-0.11422,-1.37911,0.38319,0.73266,0.67551,-0.07942,-0.02426,-0.49393,-0.12494,-0.02157,
1724732838147507712,-0.21588,-1.39770,0.38475,0.73739,0.67166,-0.05283,-0.04823,-0.54813,-0.08760,-0.01872,
1724732838347491072,-0.31510,-1.40536,0.38855,0.75697,0.64973,-0.04813,-0.05034,-0.46591,0.00760,0.00562,
1724732838547491840,-0.40146,-1.38061,0.39158,0.77543,0.62753,-0.04912,-0.05004,-0.41702,0.23559,-0.01994,
1724732838747491840,-0.47368,-1.30099,0.39285,0.79781,0.59870,-0.04548,-0.05462,-0.31335,0.57118,-0.02857,
1724732838947487232,-0.52082,-1.14647,0.38520,0.78320,0.61806,-0.04646,-0.04939,-0.20796,0.91893,-0.07582,
1724732839147487488,-0.54684,-0.93461,0.38175,0.76387,0.64216,-0.05264,-0.03683,-0.17340,1.11779,-0.04717,
1724732839347456000,-0.56383,-0.69265,0.38513,0.75412,0.65405,-0.04498,-0.03863,-0.13702,1.21607,0.00176,
1724732839547456256,-0.56897,-0.43988,0.39208,0.73429,0.67654,-0.04132,-0.03737,-0.09402,1.21956,0.02679,
1724732839747456768,-0.57454,-0.20147,0.40768,0.73155,0.67972,-0.04249,-0.03183,-0.09148,1.12140,0.05594,
1724732839947457280,-0.58059,0.01890,0.42075,0.71955,0.69257,-0.03994,-0.03174,-0.08271,1.03340,0.03524,
1724732840147457536,-0.58972,0.21265,0.42902,0.72645,0.68544,-0.03665,-0.03301,-0.09837,0.90732,0.02565,
1724732840347458048,-0.60501,0.38964,0.42733,0.72574,0.68615,-0.03546,-0.03525,-0.12585,0.84687,-0.02836,
1724732840547458048,-0.61922,0.55131,0.42287,0.72604,0.68544,-0.02210,-0.05047,-0.07410,0.76708,-0.02736,
1724732840747458816,-0.61539,0.69695,0.41844,0.72634,0.68384,-0.00282,-0.06922,0.08055,0.70357,-0.03579,
1724732840947441152,-0.57258,0.82517,0.41752,0.72614,0.68315,0.00715,-0.07727,0.31283,0.63133,-0.01812,
1724732841147441664,-0.48540,0.93748,0.42041,0.73011,0.68011,-0.00759,-0.06578,0.50778,0.57029,0.00292,
1724732841347442176,-0.36895,1.03591,0.42381,0.73052,0.67978,-0.01141,-0.06410,0.63577,0.53264,-0.00110,
1724732841547420160,-0.22952,1.12893,0.42765,0.72779,0.68272,-0.01576,-0.06302,0.74426,0.48969,0.00038,
1724732841747420672,-0.07495,1.21725,0.42786,0.72752,0.68301,-0.02129,-0.06129,0.78919,0.44467,-0.02957,
1724732841947435264,0.09483,1.29450,0.42894,0.72667,0.68422,-0.02966,-0.05393,0.89058,0.38298,-0.01226,
1724732842147435776,0.27201,1.35420,0.42885,0.72027,0.69107,-0.04375,-0.04138,0.87401,0.32924,-0.02785,
1724732842347436032,0.43934,1.40696,0.42583,0.70543,0.70586,-0.05819,-0.02728,0.78402,0.20118,-0.03904,
1724732842547414528,0.58542,1.42813,0.42384,0.70186,0.70960,-0.05609,-0.02686,0.67710,0.03030,-0.01820,
1724732842747414784,0.71022,1.41968,0.42511,0.70626,0.70555,-0.04680,-0.03485,0.59311,-0.11295,-0.01463,
1724732842947452672,0.82293,1.38510,0.42718,0.71079,0.70087,-0.05091,-0.03099,0.53558,-0.20984,-0.02740,
1724732843147453184,0.92013,1.32574,0.42701,0.71022,0.70158,-0.04675,-0.03443,0.48696,-0.30277,-0.01704,
1724732843347453440,1.00651,1.24688,0.42983,0.71081,0.70107,-0.04488,-0.03521,0.44879,-0.38950,-0.00652,
1724732843547438336,1.07848,1.14642,0.43379,0.70893,0.70290,-0.04588,-0.03525,0.39526,-0.48037,-0.00080,
1724732843747438848,1.13873,1.02724,0.43879,0.71067,0.70113,-0.04621,-0.03504,0.34898,-0.57008,0.00203,
1724732843947380480,1.19135,0.89536,0.44145,0.71194,0.69992,-0.04509,-0.03492,0.30815,-0.63862,-0.00261,
1724732844147380992,1.23842,0.75260,0.44567,0.71011,0.70191,-0.04206,-0.03619,0.28853,-0.71031,0.01333,
1724732844347381504,1.28034,0.59717,0.44684,0.70859,0.70333,-0.04470,-0.03509,0.26237,-0.77996,0.01236,
1724732844547382016,1.31908,0.42969,0.44635,0.71417,0.69749,-0.04858,-0.03324,0.21994,-0.84660,0.01664,
1724732844747382528,1.35022,0.25634,0.44139,0.71839,0.69304,-0.05049,-0.03243,0.18108,-0.85174,-0.00413,
1724732844947363584,1.37434,0.08258,0.43702,0.71622,0.69548,-0.04743,-0.03285,0.13035,-0.86675,0.00520,
1724732845147363584,1.39593,-0.09407,0.43500,0.72007,0.69183,-0.04258,-0.03256,0.10697,-0.88448,-0.00278,
1724732845347364096,1.41992,-0.27149,0.43583,0.72464,0.68722,-0.04051,-0.03144,0.09789,-0.87742,0.01422,
1724732845547380224,1.44062,-0.44353,0.43380,0.72457,0.68726,-0.04335,-0.02812,0.09808,-0.86080,0.01334,
1724732845747380736,1.45498,-0.60944,0.43022,0.73462,0.67607,-0.05169,-0.02432,0.04982,-0.81951,-0.01043,
1724732845947360256,1.45917,-0.76067,0.42538,0.73533,0.67407,-0.06935,-0.01074,-0.02576,-0.72710,-0.00906,
1724732846147360768,1.43886,-0.89356,0.42155,0.73639,0.67242,-0.07425,-0.00868,-0.15265,-0.64672,0.01659,
1724732846347361280,1.39276,-1.01168,0.42271,0.73119,0.67700,-0.08390,-0.00126,-0.32942,-0.58111,0.01365,
1724732846547329536,1.31642,-1.11968,0.41854,0.72818,0.68300,-0.04941,-0.02857,-0.40135,-0.55936,0.02203,
1724732846747330048,1.24470,-1.23279,0.42243,0.73816,0.67253,-0.02189,-0.04855,-0.33886,-0.51780,0.09553,
1724732846947329536,1.19819,-1.33673,0.44971,0.74035,0.67038,-0.02826,-0.04086,-0.20093,-0.45328,0.16533,
1724732847147330048,1.17057,-1.43591,0.47764,0.73990,0.67078,-0.03347,-0.03834,-0.15118,-0.41102,0.11182,
1724732847347330304,1.15163,-1.51951,0.49325,0.74058,0.66986,-0.03428,-0.04060,-0.09132,-0.35610,0.10336,
1724732847547343616,1.14296,-1.58492,0.51115,0.73740,0.67331,-0.04169,-0.03387,-0.04907,-0.29669,0.10248,
1724732847747344128,1.13689,-1.63661,0.52902,0.73042,0.68083,-0.04300,-0.03337,-0.05568,-0.26008,0.10821,
1724732847947324160,1.12913,-1.67975,0.55345,0.73344,0.67748,-0.04481,-0.03284,-0.05572,-0.24149,0.11684,
1724732848147324672,1.11990,-1.71610,0.56042,0.72967,0.68131,-0.04875,-0.03206,-0.07868,-0.20603,-0.04371,
1724732848347324672,1.10734,-1.74967,0.55200,0.72414,0.68736,-0.04114,-0.03826,-0.07829,-0.23541,-0.02291,
1724732848547333376,1.09597,-1.78826,0.55027,0.73450,0.67622,-0.04834,-0.03012,-0.09130,-0.21338,-0.00295,
1724732848747333888,1.08007,-1.82483,0.55185,0.73040,0.68079,-0.04190,-0.03574,-0.10075,-0.19121,0.03271,
1724732848947361536,1.06269,-1.85586,0.56078,0.73143,0.67966,-0.04704,-0.02948,-0.09418,-0.17085,0.04971,
1724732849147361792,1.04035,-1.88538,0.56812,0.73070,0.68051,-0.04245,-0.03429,-0.12671,-0.15057,0.02445,
1724732849347362304,1.01553,-1.91605,0.57476,0.73091,0.68012,-0.04724,-0.03127,-0.12973,-0.14318,0.02941,
1724732849547386368,0.98853,-1.94310,0.58238,0.73401,0.67659,-0.05083,-0.02952,-0.15622,-0.12138,0.02870,
1724732849747386624,0.95615,-1.96557,0.58566,0.73385,0.67678,-0.05168,-0.02758,-0.17155,-0.10200,0.02138,
1724732849947322368,0.91636,-1.97922,0.58851,0.73452,0.67586,-0.05588,-0.02370,-0.24315,-0.06728,-0.01016,
1724732850147322368,0.86495,-1.98964,0.58553,0.73505,0.67563,-0.04987,-0.02716,-0.27009,-0.03559,-0.02429,
1724732850347323136,0.80457,-1.99305,0.58534,0.73769,0.67237,-0.05733,-0.02103,-0.33823,-0.00592,-0.01956,
1724732850547336448,0.73171,-1.99133,0.58219,0.73805,0.67207,-0.05419,-0.02573,-0.38807,0.02902,-0.02197,
1724732850747336960,0.64915,-1.98114,0.57805,0.73775,0.67219,-0.05794,-0.02298,-0.43512,0.07109,-0.03108,
1724732850947321344,0.55962,-1.96171,0.57193,0.73712,0.67327,-0.05189,-0.02583,-0.45476,0.08369,0.00126,
1724732851147321600,0.45406,-1.94957,0.57927,0.74081,0.66881,-0.06005,-0.01678,-0.53033,0.12595,-0.01185,
1724732851347322112,0.34199,-1.91787,0.57248,0.73978,0.66996,-0.06001,-0.01669,-0.60175,0.16768,-0.04533,
1724732851547297536,0.21306,-1.88878,0.56723,0.73754,0.67244,-0.06014,-0.01554,-0.66932,0.19301,-0.04089,
1724732851747297792,0.06626,-1.85634,0.56841,0.73637,0.67376,-0.05968,-0.01550,-0.76353,0.20900,-0.01920,
1724732851947283712,-0.09910,-1.82489,0.57085,0.73566,0.67493,-0.05294,-0.02167,-0.81894,0.21189,-0.02123,
1724732852147284224,-0.26947,-1.78979,0.57292,0.73623,0.67438,-0.05070,-0.02455,-0.83256,0.21484,-0.01726,
1724732852347284224,-0.44383,-1.75383,0.57402,0.73073,0.68049,-0.04312,-0.03330,-0.83296,0.22021,-0.03369,
1724732852547284736,-0.60985,-1.72044,0.57638,0.73157,0.67941,-0.02396,-0.05124,-0.74741,0.19272,-0.00643,
1724732852747285248,-0.74904,-1.68726,0.58401,0.75646,0.65166,-0.02725,-0.04862,-0.61804,0.22180,0.01063,
1724732852947285760,-0.85929,-1.62703,0.58971,0.78549,0.61630,-0.03353,-0.04540,-0.48820,0.45830,-0.01636,
1724732853147286528,-0.94186,-1.50799,0.58598,0.77898,0.62440,-0.04034,-0.04106,-0.41260,0.74390,-0.05088,
1724732853347286784,-1.00156,-1.33648,0.58591,0.76911,0.63676,-0.03940,-0.03817,-0.31949,0.97082,-0.00844,
1724732853547247360,-1.03725,-1.12740,0.59247,0.76671,0.63999,-0.04234,-0.02783,-0.26961,1.14463,0.02049,
1724732853747247360,-1.07209,-0.88526,0.60103,0.76088,0.64724,-0.03904,-0.02479,-0.25223,1.27819,0.03130,
1724732853947212800,-1.11056,-0.62143,0.61095,0.74228,0.66835,-0.04386,-0.01990,-0.24652,1.34674,0.03794,
1724732854147213312,-1.15877,-0.35522,0.62327,0.72606,0.68612,-0.03553,-0.02862,-0.23061,1.29536,0.06182,
1724732854347213312,-1.20291,-0.10985,0.63519,0.71285,0.69972,-0.03615,-0.03052,-0.22195,1.13864,0.06277,
1724732854547213824,-1.24355,0.10106,0.64799,0.72083,0.69170,-0.03285,-0.02945,-0.16357,0.97163,0.07943,
1724732854747214080,-1.27916,0.28489,0.65682,0.71564,0.69694,-0.03562,-0.02932,-0.16323,0.83447,0.05748,
1724732854947185152,-1.31305,0.44239,0.66279,0.71610,0.69638,-0.03601,-0.03095,-0.13648,0.70344,0.04470,
1724732855147185408,-1.34674,0.57538,0.66608,0.72178,0.69061,-0.02638,-0.03722,-0.12987,0.58764,0.03257,
1724732855347186176,-1.37014,0.68804,0.67026,0.72568,0.68678,-0.02080,-0.03589,-0.05614,0.50781,0.04084,
1724732855547226624,-1.38082,0.78578,0.67414,0.72765,0.68449,-0.00432,-0.04454,0.03799,0.43635,0.06122,
1724732855747226880,-1.36579,0.86804,0.68164,0.73053,0.68165,-0.00782,-0.04016,0.14704,0.38973,0.08197,
1724732855947227392,-1.32656,0.93758,0.69426,0.73221,0.67986,-0.01350,-0.03841,0.23770,0.35255,0.08776,
1724732856147227648,-1.27135,0.99350,0.70556,0.73140,0.68038,-0.01581,-0.04352,0.29127,0.30321,0.06534,
1724732856347228416,-1.20080,1.03647,0.71002,0.73219,0.67942,-0.02216,-0.04239,0.34394,0.26404,0.03828,
1724732856547169280,-1.11483,1.06329,0.70582,0.73203,0.67937,-0.01637,-0.04814,0.43540,0.22844,0.01762,
1724732856747169792,-1.00855,1.07461,0.69650,0.73094,0.68063,-0.01538,-0.04721,0.52413,0.17753,0.00649,
1724732856947170304,-0.89378,1.08751,0.68341,0.72910,0.68298,-0.02474,-0.03662,0.54480,0.14546,-0.01506,
1724732857147170560,-0.77621,1.09922,0.67198,0.72796,0.68426,-0.02043,-0.03807,0.57086,0.11868,-0.02437,
1724732857347171072,-0.65572,1.10233,0.66272,0.72801,0.68418,-0.01918,-0.03899,0.60235,0.06493,-0.01690,
1724732857547150848,-0.52890,1.10911,0.65746,0.72972,0.68247,-0.02067,-0.03619,0.64167,0.05132,-0.01429,
1724732857747151360,-0.39825,1.11507,0.65249,0.72644,0.68585,-0.01762,-0.03980,0.65935,0.03357,-0.02733,
1724732857947159808,-0.25997,1.11987,0.64591,0.72695,0.68513,-0.01576,-0.04338,0.71864,0.02169,-0.04112,
1724732858147160064,-0.11209,1.12173,0.63747,0.72049,0.69182,-0.02479,-0.04075,0.75777,0.00230,-0.03933,
1724732858347160320,0.04008,1.11635,0.63123,0.71199,0.70037,-0.02664,-0.04289,0.77248,-0.07765,-0.03182,
1724732858547162880,0.19508,1.09350,0.62673,0.71281,0.69946,-0.03814,-0.03470,0.75556,-0.15464,-0.04095,
1724732858747163136,0.34142,1.05376,0.62270,0.71015,0.70180,-0.05106,-0.02366,0.67341,-0.24504,-0.03241,
1724732858947152640,0.46564,0.99662,0.62308,0.71793,0.69405,-0.04450,-0.02987,0.58495,-0.31352,-0.01939,
1724732859147153152,0.56964,0.92521,0.62319,0.72229,0.68961,-0.04224,-0.03094,0.51500,-0.33981,-0.04061,
1724732859347153408,0.65859,0.84969,0.62134,0.72287,0.68868,-0.05217,-0.02127,0.44981,-0.35329,-0.03104,
1724732859547142912,0.72860,0.77370,0.61965,0.72793,0.68301,-0.05777,-0.01661,0.33085,-0.37118,-0.00399,
1724732859747143168,0.76882,0.70040,0.62005,0.73713,0.67202,-0.07063,-0.00611,0.17259,-0.31106,-0.03551,
1724732859947119616,0.77582,0.64438,0.61471,0.73417,0.67611,-0.06087,-0.01323,-0.00174,-0.24229,-0.05323,
1724732860147119872,0.75111,0.60148,0.61008,0.73159,0.67867,-0.06427,-0.00654,-0.11167,-0.17878,-0.03779,
1724732860347120384,0.70240,0.56719,0.60951,0.72702,0.68169,-0.08122,0.01191,-0.28806,-0.15610,-0.00210,
1724732860547095040,0.61132,0.53926,0.61335,0.72672,0.67896,-0.10015,0.02926,-0.59425,-0.13515,-0.00833,
1724732860747095040,0.45701,0.51541,0.61253,0.72550,0.68098,-0.09632,0.02521,-0.89353,-0.11366,-0.00329,
1724732860947119360,0.24941,0.49275,0.61166,0.72887,0.68107,-0.06983,0.00245,-1.11534,-0.11487,-0.00464,
1724732861147119616,0.02151,0.47075,0.61068,0.72478,0.68749,-0.01865,-0.04134,-1.09584,-0.13721,0.01416,
1724732861347120128,-0.17445,0.44183,0.61617,0.73100,0.68003,0.00432,-0.05642,-0.85926,-0.16083,0.03650,
1724732861547084288,-0.32284,0.40794,0.62031,0.73211,0.67918,0.00172,-0.05214,-0.63353,-0.17712,0.04175,
1724732861747084544,-0.43006,0.37383,0.62848,0.73554,0.67620,-0.00853,-0.04072,-0.46321,-0.17501,0.04568,
1724732861947115776,-0.51164,0.33892,0.63371,0.73583,0.67592,-0.01433,-0.03859,-0.34809,-0.17456,0.04677,
1724732862147116544,-0.57262,0.30517,0.63408,0.73850,0.67285,-0.01386,-0.04121,-0.26974,-0.15351,-0.00506,
1724732862347117056,-0.61169,0.27546,0.63022,0.73718,0.67429,-0.01521,-0.04089,-0.16143,-0.13796,-0.00634,
1724732862547092224,-0.62820,0.24786,0.62629,0.73286,0.67893,-0.01719,-0.04102,-0.05277,-0.13492,0.01069,
1724732862747092736,-0.63219,0.22033,0.62677,0.73441,0.67741,-0.02889,-0.03026,-0.01467,-0.13484,-0.01581,
1724732862947083008,-0.62114,0.19442,0.62003,0.73465,0.67681,-0.04458,-0.01521,-0.02943,-0.11865,-0.03025,
1724732863147083520,-0.61829,0.17203,0.61297,0.73285,0.67857,-0.04869,-0.01009,-0.09607,-0.11603,-0.04718,
1724732863347083776,-0.62636,0.14781,0.60363,0.73559,0.67595,-0.04284,-0.01299,-0.14635,-0.10715,-0.05642,
1724732863547106304,-0.66153,0.12655,0.59301,0.73414,0.67784,-0.02718,-0.02893,-0.17265,-0.10075,-0.04662,
1724732863747107072,-0.66903,0.10289,0.59101,0.73402,0.67748,-0.01117,-0.04594,-0.03496,-0.10621,-0.01410,
1724732863947107072,-0.65533,0.08003,0.59694,0.73409,0.67719,-0.01861,-0.04676,0.06165,-0.10466,-0.02042,
1724732864147107584,-0.62128,0.05078,0.60650,0.73397,0.67684,-0.01519,-0.05425,0.21940,-0.12084,0.00331,
1724732864347107840,-0.56054,0.02185,0.61658,0.73089,0.68038,-0.04705,-0.02588,0.28427,-0.11578,0.00620,
1724732864547061760,-0.51537,-0.00306,0.61594,0.73175,0.67883,-0.05962,-0.01324,0.16543,-0.10992,-0.02729,
1724732864747062016,-0.48985,-0.02863,0.61961,0.73259,0.67851,-0.05190,-0.01550,0.08205,-0.10354,-0.03999,
1724732864947038208,-0.48775,-0.06008,0.61234,0.73256,0.67890,-0.04499,-0.02054,-0.00451,-0.11357,-0.13418,
1724732865147038464,-0.50358,-0.09462,0.57957,0.73177,0.68023,-0.03261,-0.02722,-0.02367,-0.11827,-0.23277,
1724732865347038976,-0.51500,-0.12666,0.52590,0.73351,0.67852,-0.02429,-0.03137,-0.00823,-0.13547,-0.28670,
1724732865547039488,-0.52125,-0.15364,0.46813,0.73774,0.67396,-0.03185,-0.02222,-0.00518,-0.11133,-0.30056,
1724732865747039744,-0.52200,-0.17189,0.40735,0.73788,0.67393,-0.02692,-0.02498,0.00369,-0.08039,-0.31230,
1724732865947014656,-0.52869,-0.18844,0.33343,0.73532,0.67679,-0.02378,-0.02614,-0.00069,-0.06859,-0.39131,
1724732866147014912,-0.52318,-0.20462,0.25418,0.73953,0.67235,-0.02182,-0.02365,0.04598,-0.06536,-0.38518,
1724732866347015424,-0.51915,-0.22033,0.17818,0.73874,0.67325,-0.02501,-0.01922,0.04962,-0.03400,-0.35954,
1724732866547023104,-0.51006,-0.22606,0.10860,0.73724,0.67484,-0.02692,-0.01868,0.04232,-0.01633,-0.33036,
1724732866747023360,-0.50488,-0.22981,0.04595,0.73484,0.67724,-0.03216,-0.01767,0.01111,0.00926,-0.28131,
1724732866946999296,-0.50070,-0.22632,-0.00546,0.73353,0.67864,-0.03071,-0.02091,0.01777,0.00713,-0.21634,
1724732867146999552,-0.49602,-0.22104,-0.04661,0.73160,0.68063,-0.03079,-0.02343,0.02081,0.00897,-0.18500,
1724732867346999808,-0.49053,-0.22255,-0.08298,0.72963,0.68261,-0.03421,-0.02262,0.01639,-0.02559,-0.17594,
1724732867547010048,-0.48649,-0.22799,-0.09578,0.73199,0.68026,-0.02401,-0.02939,0.02339,-0.05367,0.01231,
1724732867747010560,-0.48335,-0.23365,-0.09340,0.73289,0.67903,-0.02554,-0.03374,0.01353,-0.01156,0.00411,
1724732867946978816,-0.48174,-0.23488,-0.09312,0.73292,0.67904,-0.02504,-0.03325,0.01291,-0.01503,0.00140,
1724732868146979328,-0.48241,-0.23559,-0.09126,0.73296,0.67902,-0.02490,-0.03294,0.01846,-0.01492,0.01658,
1724732868346979328,-0.48330,-0.23534,-0.08909,0.73303,0.67894,-0.02493,-0.03289,0.01010,-0.00422,0.00741,
1724732868547010560,-0.48406,-0.23485,-0.08773,0.73305,0.67891,-0.02506,-0.03303,0.01172,-0.00140,0.01954,
1724732868747011072,-0.48551,-0.23464,-0.08671,0.73303,0.67892,-0.02531,-0.03316,0.00836,0.00134,0.01546,
1724732868946962944,-0.48753,-0.23465,-0.08610,0.73302,0.67891,-0.02543,-0.03333,-0.00494,0.00873,0.00222,
1724732869146963456,-0.48987,-0.23357,-0.08696,0.73301,0.67893,-0.02538,-0.03320,-0.00637,0.01168,-0.00357,
1724732869346963712,-0.49155,-0.23301,-0.08704,0.73299,0.67897,-0.02525,-0.03304,-0.00508,0.00859,-0.00496,
1724732869546964736,-0.49265,-0.23347,-0.08687,0.73298,0.67900,-0.02507,-0.03287,-0.00406,0.00892,0.00269,
1724732869746964992,-0.49328,-0.23333,-0.08716,0.73302,0.67897,-0.02479,-0.03257,0.00650,0.01236,-0.00460,
1724732869946940416,-0.49457,-0.23218,-0.08767,0.73315,0.67889,-0.02419,-0.03183,0.00076,0.01531,-0.00420,
1724732870146940928,-0.49731,-0.22942,-0.08888,0.73343,0.67864,-0.02391,-0.03104,-0.00997,0.02347,-0.01393,
1724732870346941184,-0.49816,-0.22722,-0.08928,0.73351,0.67863,-0.02300,-0.02985,0.00252,0.01687,0.00420,
1724732870546967040,-0.49926,-0.22528,-0.08969,0.73310,0.67907,-0.02275,-0.03014,0.00198,0.01312,-0.00570,
1724732870746967296,-0.50122,-0.22573,-0.08897,0.73307,0.67911,-0.02266,-0.02993,0.00177,0.00968,-0.00525,
1724732870946941440,-0.50258,-0.22659,-0.08776,0.73304,0.67916,-0.02259,-0.02987,0.00471,0.00339,-0.00111,
1724732871146941696,-0.50409,-0.22667,-0.08800,0.73306,0.67915,-0.02241,-0.02968,0.00361,0.00477,-0.00447,
1724732871346942208,-0.50681,-0.22631,-0.08859,0.73304,0.67917,-0.02235,-0.02952,-0.00078,0.00596,-0.00456,
1724732871546924288,-0.50847,-0.22513,-0.08824,0.73301,0.67922,-0.02224,-0.02938,0.00069,0.00721,-0.00318,
1724732871746924800,-0.51064,-0.22471,-0.08775,0.73301,0.67923,-0.02209,-0.02923,0.00031,0.00821,-0.00173,
1724732871946935552,-0.51317,-0.22552,-0.08721,0.73303,0.67922,-0.02201,-0.02905,0.00069,0.00458,0.00043,
1724732872146935808,-0.51455,-0.22646,-0.08696,0.73305,0.67921,-0.02190,-0.02887,0.00439,0.00357,0.00199,
1724732872346936320,-0.51579,-0.22659,-0.08708,0.73305,0.67922,-0.02184,-0.02872,0.00723,0.00202,0.00214,
1724732872546905344,-0.51739,-0.22671,-0.08692,0.73306,0.67922,-0.02173,-0.02851,0.01080,0.00039,0.00212,
1724732872746905856,-0.51853,-0.22682,-0.08680,0.73307,0.67921,-0.02163,-0.02838,0.01434,-0.00122,0.00333,
1724732872946951936,-0.52016,-0.22684,-0.08661,0.73309,0.67921,-0.02147,-0.02822,0.01658,-0.00220,0.00449,
1724732873146952448,-0.52257,-0.22628,-0.08695,0.73311,0.67920,-0.02137,-0.02803,0.01957,-0.00280,0.00517,
1724732873346952960,-0.52491,-0.22786,-0.08703,0.73311,0.67921,-0.02128,-0.02786,0.02167,-0.00446,0.00578,
1724732873546950912,-0.52662,-0.22794,-0.08726,0.73312,0.67921,-0.02118,-0.02774,0.02392,-0.00561,0.00636,
1724732873746951424,-0.52827,-0.22692,-0.08787,0.73315,0.67918,-0.02103,-0.02753,0.02580,-0.00507,0.00718,
1724732873946941696,-0.52962,-0.22898,-0.08766,0.73319,0.67915,-0.02098,-0.02745,0.02630,-0.00551,0.00854,
1724732874146942208,-0.53064,-0.22887,-0.08807,0.73319,0.67916,-0.02090,-0.02733,0.02805,-0.00692,0.00892,
1724732874346942464,-0.53269,-0.22894,-0.08817,0.73320,0.67915,-0.02078,-0.02720,0.02952,-0.00724,0.00888,
1724732874546939648,-0.53448,-0.22757,-0.08870,0.73321,0.67915,-0.02065,-0.02696,0.03103,-0.00769,0.00976,
1724732874746939904,-0.53666,-0.22949,-0.08848,0.73321,0.67916,-0.02059,-0.02686,0.03176,-0.00806,0.00946,
1724732874946890752,-0.53809,-0.22813,-0.08898,0.73321,0.67916,-0.02049,-0.02674,0.03277,-0.00840,0.01030,
1724732875146891264,-0.54005,-0.22979,-0.08902,0.73325,0.67913,-0.02036,-0.02658,0.03286,-0.00914,0.00943,
1724732875346891520,-0.54125,-0.22888,-0.08958,0.73327,0.67912,-0.02024,-0.02649,0.03401,-0.00828,0.00889,
1724732875546892288,-0.54341,-0.22978,-0.08948,0.73328,0.67912,-0.02013,-0.02628,0.03441,-0.00830,0.00983,
1724732875746892544,-0.54554,-0.22836,-0.09011,0.73329,0.67911,-0.02003,-0.02616,0.03423,-0.00820,0.00973,
1724732875946892800,-0.54686,-0.23085,-0.08961,0.73330,0.67911,-0.01995,-0.02606,0.03450,-0.00772,0.00970,
1724732876146893056,-0.54885,-0.22989,-0.08979,0.73330,0.67912,-0.01982,-0.02577,0.03482,-0.00803,0.01064,
1724732876346893568,-0.55150,-0.22946,-0.08986,0.73331,0.67913,-0.01974,-0.02562,0.03534,-0.00728,0.01089,
1724732876546843648,-0.55297,-0.22979,-0.08988,0.73330,0.67914,-0.01967,-0.02553,0.03501,-0.00693,0.01108,
1724732876746843904,-0.55472,-0.23043,-0.08980,0.73330,0.67915,-0.01956,-0.02532,0.03464,-0.00737,0.01104,
1724732876946844416,-0.55631,-0.23020,-0.08983,0.73330,0.67916,-0.01950,-0.02515,0.03378,-0.00604,0.01046,
1724732877146840064,-0.55826,-0.22874,-0.09022,0.73330,0.67917,-0.01939,-0.02496,0.03460,-0.00584,0.01048,
1724732877346840576,-0.56054,-0.22748,-0.09058,0.73331,0.67917,-0.01926,-0.02480,0.03511,-0.00529,0.01101,
1724732877546829568,-0.47070,-0.22000,-0.08618,0.73248,0.67956,-0.02506,-0.03231,-0.00788,0.00094,-0.00109,
1724732877746829824,-0.46989,-0.21996,-0.08616,0.73249,0.67955,-0.02509,-0.03236,-0.00343,-0.00172,-0.00020,
1724732877946830080,-0.46953,-0.22010,-0.08566,0.73245,0.67958,-0.02512,-0.03241,-0.00294,-0.00508,-0.00031,
1724732878146841344,-0.46929,-0.21943,-0.08634,0.73251,0.67952,-0.02515,-0.03242,-0.00636,0.00117,-0.00256,
1724732878346841856,-0.46877,-0.22003,-0.08782,0.73259,0.67943,-0.02518,-0.03246,-0.00095,-0.00413,-0.00548,
1724732878546887680,-0.46926,-0.22036,-0.08619,0.73247,0.67956,-0.02517,-0.03242,-0.00479,-0.01004,-0.00255,
1724732878746888192,-0.46940,-0.21973,-0.08459,0.73237,0.67967,-0.02519,-0.03233,-0.00130,-0.00346,-0.00169,
1724732878946888448,-0.46893,-0.21990,-0.08439,0.73234,0.67970,-0.02524,-0.03233,-0.00196,-0.00600,-0.00449,
1724732879146888960,-0.46835,-0.21906,-0.08480,0.73237,0.67966,-0.02530,-0.03239,0.00003,0.00062,-0.00353,
1724732879346889216,-0.46826,-0.21897,-0.08522,0.73239,0.67964,-0.02531,-0.03241,-0.00492,-0.00357,-0.00430,
1724732879546889472,-0.46857,-0.21936,-0.08485,0.73236,0.67967,-0.02530,-0.03237,-0.00323,-0.00600,-0.00201,
1724732879746889984,-0.46786,-0.21914,-0.08583,0.73245,0.67958,-0.02534,-0.03243,0.00293,0.00047,-0.00253,
1724732879946890240,-0.46723,-0.21947,-0.08487,0.73237,0.67966,-0.02541,-0.03243,-0.00097,-0.00799,-0.00148,
